{
  "n_train_input": 721,
  "n_train": 648,
  "n_val": 73,
  "n_test": 226,
  "target_column": "target",
  "epochs_run": 65,
  "best_epoch": 50,
  "train_time_s": 23.8,
  "rmse": 0.6197172806875348,
  "mae": 0.45835220708256275,
  "r2": 0.918750695542039,
  "predictions": [
    -2.387655258178711,
    -2.2025532722473145,
    -1.8458654880523682,
    -2.7332165241241455,
    -6.956169128417969,
    -1.4025799036026,
    -3.945974588394165,
    -1.6004372835159302,
    -8.312138557434082,
    -2.5416460037231445,
    -4.990931987762451,
    -0.08635115623474121,
    -3.0882375240325928,
    -2.3471622467041016,
    -2.6590216159820557,
    -0.5163288116455078,
    -2.5997509956359863,
    -9.835213661193848,
    -3.542613983154297,
    -3.7249860763549805,
    -2.2102959156036377,
    -6.473723888397217,
    1.0822324752807617,
    -1.8688889741897583,
    -1.39817214012146,
    -7.5213727951049805,
    -0.45511460304260254,
    -0.3528289794921875,
    -1.456138253211975,
    -1.807259440422058,
    -1.402831792831421,
    -6.518119812011719,
    -3.824521064758301,
    -1.525925874710083,
    -2.4759199619293213,
    -2.26747465133667,
    -4.315193176269531,
    -0.3055870532989502,
    -5.100768089294434,
    -6.914807319641113,
    -1.256516456604004,
    -7.546823501586914,
    -4.390900135040283,
    -5.533625602722168,
    -7.681384086608887,
    -5.27506685256958,
    -3.912120819091797,
    -3.2374517917633057,
    -5.7366228103637695,
    -7.065817832946777,
    -5.166884422302246,
    -8.563676834106445,
    -1.6162580251693726,
    -2.440609931945801,
    -0.7079353332519531,
    -3.6631252765655518,
    -2.1906025409698486,
    -4.066332817077637,
    -2.9565696716308594,
    -6.77501106262207,
    -2.7461917400360107,
    -2.45534086227417,
    0.08574795722961426,
    -5.889251232147217,
    -3.671659469604492,
    -1.8412461280822754,
    -2.2022364139556885,
    -6.354859352111816,
    -2.4027209281921387,
    -3.783668279647827,
    -0.19624042510986328,
    0.5464661121368408,
    -2.192368507385254,
    -5.188746452331543,
    -1.9048107862472534,
    0.21210265159606934,
    -1.8991351127624512,
    -3.881152629852295,
    -4.822716236114502,
    -5.991484642028809,
    -4.519425392150879,
    -1.601054310798645,
    -3.6232407093048096,
    -3.2960615158081055,
    -5.339536190032959,
    -1.0367398262023926,
    -2.074763774871826,
    -0.7291126251220703,
    -5.8841142654418945,
    -0.19940185546875,
    -1.921097993850708,
    -3.867061138153076,
    -4.870810031890869,
    -0.7162389755249023,
    -1.5659558773040771,
    -3.9124538898468018,
    -1.0632052421569824,
    0.10158824920654297,
    -1.9808776378631592,
    -0.6873345375061035,
    -1.9872735738754272,
    -3.400465965270996,
    -6.2301483154296875,
    -3.131565570831299,
    -1.4988287687301636,
    -3.608023166656494,
    -0.9440762996673584,
    -0.686636209487915,
    -4.755922317504883,
    -6.946014881134033,
    -8.17836856842041,
    -0.9340693950653076,
    -2.5775997638702393,
    -3.1469287872314453,
    -1.3699054718017578,
    -0.11546993255615234,
    -1.4861482381820679,
    -1.8491339683532715,
    -1.7242047786712646,
    -2.4848995208740234,
    -2.35589599609375,
    -5.187085151672363,
    -3.437373399734497,
    -2.3425145149230957,
    -2.3727359771728516,
    -3.693312644958496,
    -2.2081403732299805,
    -5.836569309234619,
    0.012676715850830078,
    -0.8230781555175781,
    -0.8977706432342529,
    -2.7935969829559326,
    -1.5368155241012573,
    -2.7031493186950684,
    -2.1759071350097656,
    -2.566697835922241,
    -2.697728395462036,
    -1.2045780420303345,
    -4.602338790893555,
    -4.030595779418945,
    -4.475081443786621,
    -5.159964561462402,
    -3.908761501312256,
    -3.721921682357788,
    -2.8353166580200195,
    -2.7895750999450684,
    -0.8828284740447998,
    -1.8014304637908936,
    -0.041867733001708984,
    -3.6245574951171875,
    -0.10681748390197754,
    -1.2331541776657104,
    -4.432918548583984,
    -1.363690972328186,
    -2.1095006465911865,
    -4.2069196701049805,
    -7.475900173187256,
    -2.9952259063720703,
    -2.535658121109009,
    -8.84442138671875,
    -2.0284390449523926,
    -3.2338690757751465,
    0.12428689002990723,
    -2.192368507385254,
    -5.287273406982422,
    -3.1940953731536865,
    -1.7457239627838135,
    -1.745772361755371,
    -0.5348498821258545,
    -1.7004516124725342,
    -1.800786018371582,
    -4.022712230682373,
    -1.5562289953231812,
    -4.629660606384277,
    -7.366314888000488,
    -3.5606865882873535,
    -3.3548898696899414,
    -5.215847015380859,
    -3.752089262008667,
    -7.5288896560668945,
    -2.6530849933624268,
    -7.677247524261475,
    -0.14559412002563477,
    -1.2803078889846802,
    -2.0224437713623047,
    -3.571653366088867,
    -0.6007070541381836,
    -3.248845100402832,
    -7.826320648193359,
    -2.6638998985290527,
    -0.7379124164581299,
    -5.517192840576172,
    -0.4047725200653076,
    -3.9149417877197266,
    -3.475673198699951,
    -0.10222005844116211,
    -4.433618068695068,
    -7.23710298538208,
    0.19631457328796387,
    -3.9809458255767822,
    -0.3729400634765625,
    -3.894874095916748,
    -2.919339179992676,
    -2.7573416233062744,
    -4.735104560852051,
    0.0932924747467041,
    -4.223586082458496,
    -2.6835241317749023,
    -1.3264257907867432,
    -4.4572601318359375,
    -1.693301796913147,
    -3.1680874824523926,
    -1.4963359832763672,
    0.2934391498565674,
    -1.1536740064620972,
    -5.178192615509033,
    -4.372113227844238,
    -5.054759979248047,
    -4.030266761779785,
    -8.500404357910156,
    0.0024280548095703125,
    -4.3851213455200195,
    -6.31646728515625,
    -2.614034652709961,
    -2.5334413051605225,
    -3.267782688140869
  ],