{
  "n_train_input": 180,
  "n_train": 162,
  "n_val": 18,
  "n_test": 226,
  "target_column": "target",
  "epochs_run": 64,
  "best_epoch": 49,
  "train_time_s": 6.3,
  "rmse": 0.8988789068678221,
  "mae": 0.6553211623588494,
  "r2": 0.8290634968222078,
  "predictions": [
    -2.4246435165405273,
    -2.13346266746521,
    -2.2147107124328613,
    -2.443978786468506,
    -6.060497283935547,
    -1.8526195287704468,
    -4.214380264282227,
    -1.9054449796676636,
    -8.529577255249023,
    -2.9656596183776855,
    -4.286468505859375,
    -1.595017433166504,
    -3.9100594520568848,
    -1.9921679496765137,
    -2.4415807723999023,
    -0.6939010620117188,
    -3.551227569580078,
    -9.288824081420898,
    -4.762415885925293,
    -3.775893211364746,
    -1.164316177368164,
    -7.332843780517578,
    0.751800537109375,
    -2.808687210083008,
    -1.5001945495605469,
    -7.503745079040527,
    -0.5991237163543701,
    -0.6685914993286133,
    -1.6261509656906128,
    -2.0934715270996094,
    -2.0719785690307617,
    -7.2439374923706055,
    -3.7442586421966553,
    -2.2828075885772705,
    -2.348942279815674,
    -2.5027503967285156,
    -3.6201460361480713,
    0.0998234748840332,
    -4.129647254943848,
    -5.484638214111328,
    -1.6264588832855225,
    -5.189281463623047,
    -4.349574565887451,
    -6.764087677001953,
    -8.829919815063477,
    -5.9927897453308105,
    -3.817016363143921,
    -5.256746768951416,
    -4.092432975769043,
    -5.8892621994018555,
    -4.80336856842041,
    -9.565587997436523,
    -1.7217984199523926,
    -3.202704906463623,
    -1.0129969120025635,
    -3.2106127738952637,
    -2.3171725273132324,
    -3.0896077156066895,
    -3.0331685543060303,
    -5.312294960021973,
    -2.7858266830444336,
    -2.426708936691284,
    0.10024714469909668,
    -4.5320820808410645,
    -2.6045992374420166,
    -2.1251184940338135,
    -3.1149747371673584,
    -6.674480438232422,
    -2.7030680179595947,
    -3.2874670028686523,
    -0.5512580871582031,
    0.36042356491088867,
    -1.8942393064498901,
    -4.645610809326172,
    -1.861353874206543,
    -0.24638891220092773,
    -1.8264588117599487,
    -3.2381815910339355,
    -3.5791866779327393,
    -5.774313449859619,
    -4.056515216827393,
    -1.2837189435958862,
    -3.378361463546753,
    -4.284947395324707,
    -5.0260329246521,
    -0.8263790607452393,
    -3.468662977218628,
    -1.2270578145980835,
    -5.782258987426758,
    -0.8420860767364502,
    -2.4271812438964844,
    -4.3186845779418945,
    -4.333130359649658,
    -0.9923887252807617,
    -1.2970495223999023,
    -4.942565441131592,
    -1.9134316444396973,
    -1.1351110935211182,
    -3.1887881755828857,
    -0.2144923210144043,
    -0.8629803657531738,
    -2.1639564037323,
    -7.184111595153809,
    -3.041823625564575,
    -2.178586959838867,
    -3.102067708969116,
    -2.6007604598999023,
    -0.8317461013793945,
    -4.108027935028076,
    -7.836130142211914,
    -9.282576560974121,
    -1.3206199407577515,
    -2.5697402954101562,
    -3.791626214981079,
    -0.9743039608001709,
    -0.3121311664581299,
    -1.5902099609375,
    -2.0735957622528076,
    -1.2459722757339478,
    -2.6832275390625,
    -2.981844663619995,
    -4.93410587310791,
    -3.47320818901062,
    -2.0908255577087402,
    -2.8707964420318604,
    -3.5286688804626465,
    -3.485783100128174,
    -4.863808631896973,
    -0.5007081031799316,
    -1.757277250289917,
    -1.1233311891555786,
    -2.6902098655700684,
    -1.4818304777145386,
    -2.7414469718933105,
    -2.032170295715332,
    -2.7790560722351074,
    -2.214494228363037,
    -2.9118688106536865,
    -4.078344821929932,
    -4.464341163635254,
    -3.894423007965088,
    -4.485936641693115,
    -3.6879940032958984,
    -3.4466912746429443,
    -2.5472874641418457,
    -2.1980998516082764,
    -0.7859807014465332,
    -2.8302760124206543,
    -1.0747606754302979,
    -2.551996946334839,
    -0.2860398292541504,
    -0.9319534301757812,
    -5.2138824462890625,
    -1.3503973484039307,
    -3.5756523609161377,
    -3.4910967350006104,
    -8.772684097290039,
    -4.7260308265686035,
    -2.597083330154419,
    -8.644030570983887,
    -2.1475930213928223,
    -3.0439705848693848,
    -0.476806640625,
    -1.8942393064498901,
    -5.470432281494141,
    -2.5338428020477295,
    -1.346881628036499,
    -2.6587581634521484,
    -1.1548681259155273,
    -1.6785310506820679,
    -1.721261978149414,
    -3.3625216484069824,
    -1.752228021621704,
    -3.306363821029663,
    -6.208390235900879,
    -4.112058639526367,
    -2.7864019870758057,
    -4.680639743804932,
    -4.631575107574463,
    -7.727206230163574,
    -2.1935760974884033,
    -8.031280517578125,
    0.6565546989440918,
    -1.8906837701797485,
    -1.8522708415985107,
    -3.36856746673584,
    -0.4033958911895752,
    -2.6144285202026367,
    -8.499662399291992,
    -2.6296682357788086,
    -0.426938533782959,
    -5.191320419311523,
    -0.6113643646240234,
    -4.485991477966309,
    -2.50455904006958,
    -0.48073911666870117,
    -5.339964866638184,
    -7.863544464111328,
    -0.46727824211120605,
    -3.7705917358398438,
    0.023756027221679688,
    -4.523683071136475,
    -3.7417349815368652,
    -3.8279242515563965,
    -4.193094253540039,
    0.40250444412231445,
    -4.105255126953125,
    -2.839103937149048,
    -0.6942262649536133,
    -3.3370063304901123,
    -1.3876330852508545,
    -3.4488821029663086,
    -2.289782762527466,
    -0.5841853618621826,
    -1.1570088863372803,
    -5.300493240356445,
    -3.8268849849700928,
    -5.05922794342041,
    -3.7913341522216797,
    -8.132794380187988,
    -0.7207939624786377,
    -5.020113945007324,
    -5.476835250854492,
    -2.6722042560577393,
    -2.3031067848205566,
    -3.247389316558838
  ],