{
  "n_train_input": 902,
  "n_train": 811,
  "n_val": 91,
  "n_test": 226,
  "target_column": "target",
  "epochs_run": 59,
  "best_epoch": 44,
  "train_time_s": 25.0,
  "rmse": 0.6387233509059751,
  "mae": 0.4645591810741256,
  "r2": 0.9136906167490403,
  "predictions": [
    -2.407137870788574,
    -2.086103677749634,
    -2.071658134460449,
    -2.5014772415161133,
    -6.7393903732299805,
    -1.5604937076568604,
    -3.899169683456421,
    -1.927436351776123,
    -8.238252639770508,
    -2.5992374420166016,
    -4.68541955947876,
    -0.5010309219360352,
    -3.3522439002990723,
    -2.253540515899658,
    -2.7405829429626465,
    -0.6374731063842773,
    -2.061217784881592,
    -9.508907318115234,
    -2.848569631576538,
    -3.3965041637420654,
    -1.4515329599380493,
    -5.712646484375,
    0.8089380264282227,
    -1.44830322265625,
    -1.5338560342788696,
    -7.116899013519287,
    -0.5672469139099121,
    -0.6225192546844482,
    -1.558669090270996,
    -1.5889683961868286,
    -1.3737900257110596,
    -5.838923931121826,
    -3.841712713241577,
    -1.6563693284988403,
    -2.1834237575531006,
    -1.8971143960952759,
    -3.9971964359283447,
    -0.2182600498199463,
    -4.748083114624023,
    -6.422201633453369,
    -1.3208976984024048,
    -7.406455993652344,
    -4.318321704864502,
    -5.879238605499268,
    -7.267336845397949,
    -4.436130523681641,
    -3.308631658554077,
    -3.094999074935913,
    -5.4229583740234375,
    -6.457361221313477,
    -5.110210418701172,
    -7.748248100280762,
    -1.7794361114501953,
    -2.3694992065429688,
    -1.0412745475769043,
    -3.5731921195983887,
    -1.8361907005310059,
    -4.105350971221924,
    -3.1360855102539062,
    -7.143143177032471,
    -2.718452215194702,
    -2.5787391662597656,
    -0.006020307540893555,
    -5.737737655639648,
    -3.6734538078308105,
    -1.8340065479278564,
    -2.1714513301849365,
    -6.056702136993408,
    -2.129188060760498,
    -3.327526569366455,
    -0.30559492111206055,
    0.4361395835876465,
    -2.174997091293335,
    -5.094725608825684,
    -1.9821817874908447,
    0.08801484107971191,
    -1.7410508394241333,
    -3.537893295288086,
    -4.504916191101074,
    -6.335838317871094,
    -4.169955253601074,
    -1.3249731063842773,
    -2.9985692501068115,
    -3.0523507595062256,
    -4.844854354858398,
    -0.9963953495025635,
    -2.270565986633301,
    -0.5717666149139404,
    -5.654149055480957,
    -0.27726316452026367,
    -1.8251465559005737,
    -3.8428421020507812,
    -4.723227500915527,
    -0.9351787567138672,
    -1.392953872680664,
    -4.316244602203369,
    -0.9792981147766113,
    -0.05724287033081055,
    -2.032679557800293,
    -0.005364894866943359,
    -1.5863029956817627,
    -3.3026037216186523,
    -5.62263298034668,
    -3.0557570457458496,
    -1.5198951959609985,
    -3.552990436553955,
    -1.2830201387405396,
    -0.7794015407562256,
    -4.936758995056152,
    -8.115116119384766,
    -7.447721481323242,
    -1.250074028968811,
    -2.429628610610962,
    -2.522810935974121,
    -1.4209740161895752,
    -0.17768621444702148,
    -1.4782034158706665,
    -1.8100285530090332,
    -1.2147102355957031,
    -2.432467460632324,
    -2.516439914703369,
    -5.113433361053467,
    -3.01245379447937,
    -2.067906379699707,
    -2.4782204627990723,
    -3.579770803451538,
    -2.1775288581848145,
    -5.050137519836426,
    -0.2531881332397461,
    -0.8527047634124756,
    -0.740717887878418,
    -2.4426939487457275,
    -1.5918614864349365,
    -2.6697773933410645,
    -2.082179069519043,
    -2.5278680324554443,
    -3.032383918762207,
    -1.5429822206497192,
    -4.349992275238037,
    -3.8236308097839355,
    -4.10205602645874,
    -5.299587249755859,
    -3.884028434753418,
    -3.5268399715423584,
    -2.3658595085144043,
    -2.8297078609466553,
    -0.9711127281188965,
    -1.7024528980255127,
    -0.13514184951782227,
    -3.466728687286377,
    -0.23384618759155273,
    -1.042407512664795,
    -3.8033313751220703,
    -1.3891881704330444,
    -2.2025701999664307,
    -3.712714195251465,
    -7.109421253204346,
    -2.952008008956909,
    -2.5499162673950195,
    -8.321452140808105,
    -1.9716339111328125,
    -2.9579362869262695,
    -0.4369046688079834,
    -2.174996852874756,
    -4.861414432525635,
    -3.160665273666382,
    -1.4805456399917603,
    -1.593092441558838,
    -1.063673496246338,
    -1.7731009721755981,
    -1.5982017517089844,
    -3.704789400100708,
    -1.1502622365951538,
    -4.197935104370117,
    -7.0720295906066895,
    -3.563689708709717,
    -3.0848560333251953,
    -4.657950401306152,
    -3.593189239501953,
    -7.051998138427734,
    -2.8460378646850586,
    -7.554708480834961,
    0.37544894218444824,
    -1.315359115600586,
    -2.050380229949951,
    -3.473393201828003,
    -0.7150595188140869,
    -3.1116459369659424,
    -7.359681129455566,
    -2.6045749187469482,
    -0.7542815208435059,
    -5.194695472717285,
    -0.5350167751312256,
    -3.527825355529785,
    -3.559565305709839,
    -0.5856835842132568,
    -3.7279276847839355,
    -6.725412845611572,
    0.058182716369628906,
    -4.015405178070068,
    -0.13003802299499512,
    -3.5335824489593506,
    -2.746509552001953,
    -2.3145813941955566,
    -4.415582656860352,
    -0.19933247566223145,
    -3.6916770935058594,
    -2.5590100288391113,
    -0.7115144729614258,
    -4.121123790740967,
    -1.6477023363113403,
    -3.6389622688293457,
    -1.6340711116790771,
    0.13066601753234863,
    -1.1744751930236816,
    -5.218249320983887,
    -4.038703441619873,
    -5.112998008728027,
    -3.9648773670196533,
    -7.900319576263428,
    0.11841511726379395,
    -4.178403854370117,
    -5.553181171417236,
    -2.489999771118164,
    -2.329906702041626,
    -2.9008679389953613
  ],