{
  "n_train_input": 180,
  "n_train": 162,
  "n_val": 18,
  "n_test": 226,
  "target_column": "target",
  "epochs_run": 78,
  "best_epoch": 63,
  "train_time_s": 7.8,
  "rmse": 0.9923650876388453,
  "mae": 0.6947558780687045,
  "r2": 0.7916586929606259,
  "predictions": [
    -2.4616241455078125,
    -2.1883158683776855,
    -2.948185920715332,
    -2.440303087234497,
    -5.229311466217041,
    -1.5187278985977173,
    -3.819248676300049,
    -1.1288931369781494,
    -8.25687026977539,
    -1.6769310235977173,
    -4.924846649169922,
    -1.9806959629058838,
    -3.5208120346069336,
    -2.019637107849121,
    -2.231633186340332,
    -0.5326154232025146,
    -2.588127374649048,
    -7.1192827224731445,
    -2.482577323913574,
    -3.995309591293335,
    -0.6982977390289307,
    -5.792471885681152,
    1.8121273517608643,
    -1.4946650266647339,
    -1.123306393623352,
    -7.221779823303223,
    -0.48921728134155273,
    -0.7862071990966797,
    -1.6523891687393188,
    -1.623591661453247,
    -1.1275867223739624,
    -7.163884162902832,
    -3.7469515800476074,
    -2.119655132293701,
    -2.4098730087280273,
    -2.2497453689575195,
    -4.035184383392334,
    -0.915856122970581,
    -4.739560127258301,
    -4.985279083251953,
    -1.5313106775283813,
    -5.322273254394531,
    -3.943146228790283,
    -6.388490676879883,
    -8.504731178283691,
    -5.118566513061523,
    -4.5489301681518555,
    -3.2233059406280518,
    -3.8161914348602295,
    -5.020010471343994,
    -4.2916259765625,
    -7.627922058105469,
    -1.8354241847991943,
    -2.1399483680725098,
    -0.7007339000701904,
    -3.8582763671875,
    -1.688395619392395,
    -4.275913238525391,
    -2.7288970947265625,
    -5.032060623168945,
    -2.541891574859619,
    -2.6083831787109375,
    -0.20064282417297363,
    -3.7737786769866943,
    -3.48103666305542,
    -2.2944893836975098,
    -3.038841485977173,
    -5.370944976806641,
    -2.713329792022705,
    -3.679445505142212,
    -0.3401350975036621,
    -0.270336389541626,
    -2.1692256927490234,
    -4.796880722045898,
    -2.030864953994751,
    -0.7192642688751221,
    -1.8431273698806763,
    -3.9544129371643066,
    -3.394887685775757,
    -7.017906188964844,
    -3.4098060131073,
    -1.418312668800354,
    -3.2380127906799316,
    -3.309483528137207,
    -4.790328025817871,
    -2.349074602127075,
    -2.3726966381073,
    -1.2336233854293823,
    -5.5080366134643555,
    -0.8574562072753906,
    -2.6526272296905518,
    -3.968777894973755,
    -4.658389568328857,
    -0.5507502555847168,
    -1.6131505966186523,
    -3.928399085998535,
    -0.7476725578308105,
    -0.7514915466308594,
    -1.8489550352096558,
    0.2349245548248291,
    -1.9764124155044556,
    -3.0069570541381836,
    -6.208880424499512,
    -3.37412691116333,
    -2.1926991939544678,
    -3.6969127655029297,
    -1.9128706455230713,
    -0.6999797821044922,
    -4.646472930908203,
    -5.118603706359863,
    -7.4566850662231445,
    -2.3668203353881836,
    -2.512021780014038,
    -3.499596118927002,
    -1.3489993810653687,
    0.20625782012939453,
    -1.147135615348816,
    -1.6948397159576416,
    -1.2835025787353516,
    -2.9154117107391357,
    -2.5971505641937256,
    -3.835334300994873,
    -3.218055009841919,
    -2.3183600902557373,
    -1.936558723449707,
    -3.4585158824920654,
    -2.71915602684021,
    -3.5389280319213867,
    -0.5275051593780518,
    -0.8502278327941895,
    -1.1577602624893188,
    -2.7751853466033936,
    -1.570713996887207,
    -3.191614866256714,
    -2.153104066848755,
    -3.404235363006592,
    -2.0221614837646484,
    -2.9539554119110107,
    -3.7815029621124268,
    -4.285515785217285,
    -2.5865280628204346,
    -4.680413246154785,
    -3.770878314971924,
    -3.783806324005127,
    -2.4840121269226074,
    -2.71223521232605,
    -0.9223480224609375,
    -2.7027175426483154,
    -2.0911266803741455,
    -3.2252354621887207,
    -0.017309188842773438,
    -1.5442326068878174,
    -3.968519449234009,
    -1.4243364334106445,
    -2.0936713218688965,
    -3.2745656967163086,
    -8.273178100585938,
    -3.249724864959717,
    -2.5067620277404785,
    -8.466920852661133,
    -1.4217087030410767,
    -2.7504210472106934,
    -1.4301897287368774,
    -2.1692261695861816,
    -4.637121677398682,
    -3.3451955318450928,
    -1.5972999334335327,
    -2.093435764312744,
    -2.5541937351226807,
    -1.865209937095642,
    -1.8500125408172607,
    -3.8947107791900635,
    -2.2855587005615234,
    -4.130828380584717,
    -5.542463302612305,
    -3.5258285999298096,
    -3.1488001346588135,
    -4.396622657775879,
    -3.9159739017486572,
    -6.582643985748291,
    -2.725285291671753,
    -7.750148773193359,
    -0.7101821899414062,
    -1.3537245988845825,
    -2.361128807067871,
    -4.0125274658203125,
    -1.6848797798156738,
    -2.516633987426758,
    -8.025614738464355,
    -2.5563817024230957,
    -0.673264741897583,
    -4.452321529388428,
    -1.1117949485778809,
    -3.7432775497436523,
    -3.0605227947235107,
    0.821230411529541,
    -4.246151924133301,
    -7.488509178161621,
    0.4492478370666504,
    -3.8808789253234863,
    -0.5518090724945068,
    -3.411942720413208,
    -3.3114309310913086,
    -2.7967958450317383,
    -4.591622352600098,
    0.2411799430847168,
    -3.8364691734313965,
    -2.748835563659668,
    -0.3554978370666504,
    -3.902893304824829,
    -1.239646553993225,
    -2.2306694984436035,
    -1.2706820964813232,
    -1.0788218975067139,
    -1.2154114246368408,
    -3.661990165710449,
    -3.6806697845458984,
    -4.489480018615723,
    -3.757842779159546,
    -8.53880500793457,
    0.31047987937927246,
    -4.438337326049805,
    -10.073494911193848,
    -2.6530754566192627,
    -2.5344042778015137,
    -2.9812090396881104
  ],