{
  "n_train_input": 721,
  "n_train": 648,
  "n_val": 73,
  "n_test": 226,
  "target_column": "target",
  "epochs_run": 55,
  "best_epoch": 40,
  "train_time_s": 19.4,
  "rmse": 0.7280108545970633,
  "mae": 0.5263797841240875,
  "r2": 0.8878735243044397,
  "predictions": [
    -2.501377582550049,
    -2.247542142868042,
    -2.1304259300231934,
    -2.7814414501190186,
    -7.117344856262207,
    -1.1411612033843994,
    -4.247460842132568,
    -1.9797613620758057,
    -8.53569221496582,
    -2.785759925842285,
    -4.844781398773193,
    -0.9570986032485962,
    -3.563537836074829,
    -2.2861146926879883,
    -2.843952178955078,
    -0.3958752155303955,
    -2.9036242961883545,
    -9.506277084350586,
    -3.302412986755371,
    -4.103837013244629,
    -1.0317330360412598,
    -6.020229339599609,
    1.1866390705108643,
    -1.9491314888000488,
    -1.6641051769256592,
    -7.692580223083496,
    -0.3990476131439209,
    -0.4996981620788574,
    -1.2759485244750977,
    -1.7422820329666138,
    -1.380385160446167,
    -6.366330146789551,
    -3.776967763900757,
    -1.8905391693115234,
    -2.242922306060791,
    -2.0664587020874023,
    -4.252665042877197,
    0.23956704139709473,
    -5.131524085998535,
    -7.205204963684082,
    -1.4954231977462769,
    -8.259921073913574,
    -4.736688137054443,
    -6.449151039123535,
    -7.994566917419434,
    -5.252847671508789,
    -4.611254692077637,
    -3.124230146408081,
    -5.261296272277832,
    -7.234518051147461,
    -4.9038519859313965,
    -8.453513145446777,
    -1.5535098314285278,
    -2.733041524887085,
    -0.6108994483947754,
    -4.242391109466553,
    -2.207274913787842,
    -4.763846397399902,
    -3.4466474056243896,
    -7.714942932128906,
    -3.2352757453918457,
    -2.7905209064483643,
    -0.046707868576049805,
    -5.9841413497924805,
    -3.603733539581299,
    -1.5940700769424438,
    -1.9779789447784424,
    -7.124943733215332,
    -2.14897084236145,
    -2.7806107997894287,
    -0.038550615310668945,
    0.6961414813995361,
    -2.108151912689209,
    -6.635007858276367,
    -1.810448408126831,
    0.27965807914733887,
    -1.5794938802719116,
    -3.4668757915496826,
    -5.000720977783203,
    -6.409196853637695,
    -4.511081218719482,
    -1.2656028270721436,
    -3.288459300994873,
    -3.1165671348571777,
    -5.131527900695801,
    -1.2338180541992188,
    -2.5291430950164795,
    -0.45249199867248535,
    -6.26381254196167,
    -0.44753122329711914,
    -1.94900643825531,
    -4.532773017883301,
    -4.717692852020264,
    -0.9384715557098389,
    -1.3089803457260132,
    -4.126505374908447,
    -0.8066778182983398,
    -0.0679171085357666,
    -2.45176362991333,
    0.4008197784423828,
    -2.178964614868164,
    -3.398860454559326,
    -5.951489448547363,
    -3.3117692470550537,
    -1.9197423458099365,
    -3.841446876525879,
    -1.9007831811904907,
    -0.4464259147644043,
    -5.379467010498047,
    -8.35738468170166,
    -8.133638381958008,
    -1.4570611715316772,
    -2.3413753509521484,
    -3.0045487880706787,
    -1.4828497171401978,
    -0.1793220043182373,
    -1.1841232776641846,
    -1.611459732055664,
    -0.9920046329498291,
    -2.9173080921173096,
    -2.5035808086395264,
    -5.273167610168457,
    -3.5252716541290283,
    -2.304955244064331,
    -2.9302873611450195,
    -3.7728121280670166,
    -2.658979654312134,
    -5.379549980163574,
    -0.45705127716064453,
    -1.1410266160964966,
    -1.0589078664779663,
    -3.1935906410217285,
    -1.4953665733337402,
    -2.9739387035369873,
    -1.8627984523773193,
    -2.734280824661255,
    -2.6498939990997314,
    -2.216386318206787,
    -4.625748634338379,
    -4.724593639373779,
    -4.723456382751465,
    -5.769135475158691,
    -4.178773880004883,
    -3.927922487258911,
    -2.3964099884033203,
    -2.7152130603790283,
    -0.5947697162628174,
    -1.971264123916626,
    -0.13045930862426758,
    -3.743713855743408,
    0.025628089904785156,
    -1.207470178604126,
    -4.404985427856445,
    -1.1340925693511963,
    -2.3807005882263184,
    -4.731499195098877,
    -7.886977195739746,
    -3.3334131240844727,
    -2.3042521476745605,
    -8.924623489379883,
    -1.840997338294983,
    -3.5897157192230225,
    -0.02129960060119629,
    -2.108151912689209,
    -5.052328109741211,
    -3.2004289627075195,
    -1.7879550457000732,
    -1.5091499090194702,
    -1.536697506904602,
    -1.7244149446487427,
    -1.3332645893096924,
    -4.0030717849731445,
    -1.6745452880859375,
    -4.744350910186768,
    -7.795058250427246,
    -4.294289588928223,
    -3.3449811935424805,
    -5.133282661437988,
    -3.9320454597473145,
    -7.523733139038086,
    -2.8833165168762207,
    -8.10881233215332,
    0.2529604434967041,
    -1.5283981561660767,
    -1.9914277791976929,
    -3.3776731491088867,
    -0.3765692710876465,
    -3.1501243114471436,
    -7.518505096435547,
    -2.519864797592163,
    -0.5588514804840088,
    -6.073998928070068,
    -0.7849411964416504,
    -3.7421483993530273,
    -3.6236917972564697,
    -0.3961923122406006,
    -4.306661128997803,
    -7.079520225524902,
    0.2646615505218506,
    -4.459376335144043,
    -0.21987533569335938,
    -3.765162706375122,
    -3.414170742034912,
    -3.089505434036255,
    -4.674290657043457,
    -0.1946871280670166,
    -4.125388145446777,
    -2.77067232131958,
    -0.7690441608428955,
    -4.452241897583008,
    -1.4759856462478638,
    -3.778667449951172,
    -1.7947365045547485,
    -0.03227543830871582,
    -1.0085735321044922,
    -5.00536584854126,
    -4.287176132202148,
    -5.671773910522461,
    -3.3128302097320557,
    -8.628362655639648,
    0.1710188388824463,
    -4.476267337799072,
    -5.074460506439209,
    -2.4756619930267334,
    -2.6396615505218506,
    -3.0768625736236572
  ],