{
  "n_train_input": 902,
  "n_train": 811,
  "n_val": 91,
  "n_test": 226,
  "target_column": "target",
  "epochs_run": 56,
  "best_epoch": 41,
  "train_time_s": 23.7,
  "rmse": 0.6067996684070204,
  "mae": 0.44057687879663654,
  "r2": 0.9221025666249828,
  "predictions": [
    -2.372143507003784,
    -1.9116839170455933,
    -2.240043878555298,
    -2.613509178161621,
    -7.139820098876953,
    -1.225660800933838,
    -4.286707401275635,
    -1.4694780111312866,
    -8.958540916442871,
    -2.681928873062134,
    -4.502673149108887,
    -0.3302426338195801,
    -3.226245880126953,
    -2.6233420372009277,
    -2.5336508750915527,
    -0.5336229801177979,
    -1.9964038133621216,
    -9.1835355758667,
    -3.21988844871521,
    -3.798224925994873,
    -1.228108525276184,
    -6.240451812744141,
    0.8898048400878906,
    -1.756983995437622,
    -1.3898038864135742,
    -8.012356758117676,
    -0.47829270362854004,
    -0.4375014305114746,
    -1.2717134952545166,
    -1.8270450830459595,
    -1.623145580291748,
    -6.611137390136719,
    -3.8897013664245605,
    -1.7090883255004883,
    -2.6787102222442627,
    -1.940967321395874,
    -4.425205707550049,
    -0.3336181640625,
    -4.717920303344727,
    -6.558119773864746,
    -1.5041052103042603,
    -6.695697784423828,
    -4.657134056091309,
    -6.131482124328613,
    -7.9803466796875,
    -5.12532901763916,
    -4.199151039123535,
    -3.753969192504883,
    -5.046877384185791,
    -6.603182792663574,
    -5.035045146942139,
    -8.149127960205078,
    -1.867010235786438,
    -2.372687339782715,
    -0.97452712059021,
    -4.257070541381836,
    -2.1577117443084717,
    -4.240322589874268,
    -2.9988555908203125,
    -6.334700584411621,
    -2.4399075508117676,
    -2.1680984497070312,
    0.10666227340698242,
    -5.919261455535889,
    -3.8221330642700195,
    -1.7393734455108643,
    -2.1037487983703613,
    -6.371844291687012,
    -2.3732590675354004,
    -2.9727137088775635,
    -0.3628225326538086,
    0.8246555328369141,
    -1.8483656644821167,
    -5.1171112060546875,
    -1.922882318496704,
    -0.24425554275512695,
    -1.6606628894805908,
    -3.5035343170166016,
    -4.629179000854492,
    -5.819657325744629,
    -4.5122389793396,
    -1.7255668640136719,
    -3.1656100749969482,
    -3.495232582092285,
    -5.097067832946777,
    -1.0610649585723877,
    -2.5975420475006104,
    0.07467389106750488,
    -6.342674732208252,
    -0.07731795310974121,
    -2.300379991531372,
    -4.471712112426758,
    -4.512584686279297,
    -0.9265480041503906,
    -1.4236176013946533,
    -4.513888835906982,
    -0.8160405158996582,
    0.042166709899902344,
    -2.1961896419525146,
    0.3385758399963379,
    -1.7270801067352295,
    -3.377671003341675,
    -6.277366638183594,
    -3.4080023765563965,
    -1.4395551681518555,
    -3.5905885696411133,
    -0.9020717144012451,
    -0.7275679111480713,
    -5.0923566818237305,
    -7.769025802612305,
    -7.911466598510742,
    -1.0090913772583008,
    -2.3961985111236572,
    -2.360189914703369,
    -1.2526776790618896,
    -0.3265678882598877,
    -0.8236470222473145,
    -1.1673216819763184,
    -1.1821359395980835,
    -2.980069637298584,
    -2.5260634422302246,
    -5.690304756164551,
    -3.025611162185669,
    -1.812143325805664,
    -2.632242441177368,
    -3.945641279220581,
    -2.501089096069336,
    -5.381824493408203,
    -0.4501969814300537,
    -0.29973769187927246,
    -0.9273881912231445,
    -2.252638816833496,
    -1.1865885257720947,
    -3.0804805755615234,
    -2.148473024368286,
    -2.478400707244873,
    -2.5173916816711426,
    -1.294188141822815,
    -4.21425199508667,
    -3.8149466514587402,
    -4.696013450622559,
    -5.404301643371582,
    -4.427359580993652,
    -4.0036845207214355,
    -2.4268741607666016,
    -2.6458840370178223,
    -1.213670015335083,
    -1.6466506719589233,
    0.6897921562194824,
    -3.556321620941162,
    -0.11023139953613281,
    -0.7881083488464355,
    -4.310898303985596,
    -1.5559622049331665,
    -2.378075361251831,
    -4.1632795333862305,
    -7.669954299926758,
    -3.6191582679748535,
    -2.6979055404663086,
    -8.730088233947754,
    -2.130472183227539,
    -2.934441089630127,
    0.47559237480163574,
    -1.8483656644821167,
    -4.8614726066589355,
    -3.2647311687469482,
    -1.3351610898971558,
    -1.8502517938613892,
    -0.8726205825805664,
    -1.7440046072006226,
    -1.8321359157562256,
    -3.8303256034851074,
    -1.248041033744812,
    -4.184296607971191,
    -7.600412368774414,
    -4.14591121673584,
    -3.3819150924682617,
    -4.89254093170166,
    -3.5631396770477295,
    -7.408705711364746,
    -2.8607048988342285,
    -8.354024887084961,
    0.6248083114624023,
    -1.2806669473648071,
    -2.371755838394165,
    -3.5020999908447266,
    -0.38220834732055664,
    -3.255099058151245,
    -7.74935245513916,
    -2.669220447540283,
    -0.7602081298828125,
    -4.827410697937012,
    -0.49953246116638184,
    -3.918374538421631,
    -3.551391363143921,
    -0.9554696083068848,
    -4.320256233215332,
    -7.302947044372559,
    0.34949803352355957,
    -3.506497859954834,
    -0.1882023811340332,
    -3.794604778289795,
    -3.1295933723449707,
    -2.480280637741089,
    -4.269808292388916,
    0.25013279914855957,
    -3.855273485183716,
    -2.552919387817383,
    -0.9859466552734375,
    -4.254876613616943,
    -2.070584535598755,
    -3.621420383453369,
    -1.3180369138717651,
    0.19655275344848633,
    -1.1202483177185059,
    -5.657790184020996,
    -4.220216751098633,
    -4.778048515319824,
    -4.033457279205322,
    -8.55364990234375,
    0.8398532867431641,
    -4.821725368499756,
    -6.2315568923950195,
    -2.739872455596924,
    -2.146214723587036,
    -3.068081855773926
  ],