{
  "n_train_input": 721,
  "n_train": 648,
  "n_val": 73,
  "n_test": 226,
  "target_column": "target",
  "epochs_run": 49,
  "best_epoch": 34,
  "train_time_s": 17.1,
  "rmse": 0.677940356737073,
  "mae": 0.4817631993673544,
  "r2": 0.9027666170255226,
  "predictions": [
    -2.416743755340576,
    -1.926331639289856,
    -1.696932077407837,
    -2.354311466217041,
    -6.935238838195801,
    -1.2950154542922974,
    -4.102567672729492,
    -1.8364534378051758,
    -8.502728462219238,
    -2.4227588176727295,
    -4.858889579772949,
    -0.9060595035552979,
    -3.2665038108825684,
    -2.18257737159729,
    -2.561291217803955,
    -0.6281764507293701,
    -2.285334587097168,
    -9.249963760375977,
    -3.067986488342285,
    -3.6768321990966797,
    -1.147566795349121,
    -5.843893051147461,
    1.255671739578247,
    -1.8770841360092163,
    -1.4221965074539185,
    -7.527071952819824,
    -0.5231466293334961,
    -0.3608884811401367,
    -1.378520131111145,
    -1.549622893333435,
    -2.1317965984344482,
    -6.667034149169922,
    -3.7086946964263916,
    -1.5229109525680542,
    -2.0669922828674316,
    -2.059957981109619,
    -3.990872383117676,
    0.12092924118041992,
    -4.639777183532715,
    -6.4522247314453125,
    -1.215846300125122,
    -7.677332878112793,
    -4.332780838012695,
    -5.991018295288086,
    -7.804308891296387,
    -5.007248878479004,
    -4.2712788581848145,
    -3.352505922317505,
    -4.874337196350098,
    -6.709927558898926,
    -4.823335647583008,
    -7.504326820373535,
    -1.654945969581604,
    -2.348680019378662,
    -0.7633817195892334,
    -3.8153505325317383,
    -2.187986373901367,
    -3.6984071731567383,
    -2.987545967102051,
    -7.090230941772461,
    -2.6593399047851562,
    -2.5379364490509033,
    -0.2061481475830078,
    -5.643670558929443,
    -3.312466621398926,
    -2.1499383449554443,
    -2.3302581310272217,
    -6.2863850593566895,
    -2.3342864513397217,
    -3.2573680877685547,
    -0.23844289779663086,
    0.760028600692749,
    -1.9113678932189941,
    -5.4596052169799805,
    -1.6349760293960571,
    -0.5088510513305664,
    -1.715321660041809,
    -3.7654049396514893,
    -4.381540775299072,
    -5.922476768493652,
    -3.871509313583374,
    -1.4804418087005615,
    -3.114874839782715,
    -3.1345489025115967,
    -4.93127965927124,
    -1.1199709177017212,
    -2.308875560760498,
    0.05200982093811035,
    -6.016387939453125,
    -0.8327291011810303,
    -2.136427402496338,
    -4.447470188140869,
    -4.731969356536865,
    -0.7836313247680664,
    -1.6454330682754517,
    -4.0076727867126465,
    -1.377151370048523,
    -0.7769870758056641,
    -2.272646427154541,
    0.2986490726470947,
    -1.7732031345367432,
    -3.305121421813965,
    -5.969849586486816,
    -3.092135190963745,
    -1.5524486303329468,
    -3.9450788497924805,
    -1.4286854267120361,
    -0.701627254486084,
    -4.700473785400391,
    -8.037610054016113,
    -7.220670700073242,
    -1.430225133895874,
    -2.1652724742889404,
    -2.4171314239501953,
    -1.2060850858688354,
    -0.1850442886352539,
    -0.9517717361450195,
    -1.3696757555007935,
    -1.1556648015975952,
    -2.725729465484619,
    -2.560547113418579,
    -5.064896106719971,
    -3.042634963989258,
    -1.9541422128677368,
    -2.21455454826355,
    -3.5128731727600098,
    -2.478513717651367,
    -5.153249740600586,
    -0.15343570709228516,
    -0.6462295055389404,
    -1.1156823635101318,
    -2.6344964504241943,
    -1.4745701551437378,
    -2.7312188148498535,
    -2.1906187534332275,
    -2.6072263717651367,
    -2.5399727821350098,
    -1.4805303812026978,
    -4.161025047302246,
    -3.9183194637298584,
    -3.9436962604522705,
    -5.184186935424805,
    -3.8852198123931885,
    -3.6368069648742676,
    -2.4803109169006348,
    -2.925851821899414,
    -0.44496679306030273,
    -1.6826814413070679,
    0.16035079956054688,
    -3.1161768436431885,
    -0.25818538665771484,
    -0.7132568359375,
    -4.407854080200195,
    -1.620254635810852,
    -2.1444082260131836,
    -3.7181456089019775,
    -7.705036163330078,
    -3.4359936714172363,
    -2.489572286605835,
    -8.215365409851074,
    -1.8118224143981934,
    -2.883204698562622,
    -0.10180425643920898,
    -1.9113681316375732,
    -4.937441825866699,
    -3.090970993041992,
    -1.511139988899231,
    -1.7781577110290527,
    -1.1439929008483887,
    -1.6939051151275635,
    -1.7261606454849243,
    -3.7292404174804688,
    -1.2787684202194214,
    -3.7090210914611816,
    -7.379520416259766,
    -3.9638240337371826,
    -3.2692975997924805,
    -4.8911213874816895,
    -3.699082612991333,
    -6.743037223815918,
    -2.5091817378997803,
    -8.000758171081543,
    0.4942049980163574,
    -1.367264986038208,
    -1.863757610321045,
    -3.612678050994873,
    -0.39287734031677246,
    -3.045119285583496,
    -7.1983489990234375,
    -2.9139885902404785,
    -0.7164764404296875,
    -5.120405673980713,
    -0.6180758476257324,
    -3.7001943588256836,
    -3.183804750442505,
    -0.8479704856872559,
    -4.2904558181762695,
    -6.844308853149414,
    0.1254737377166748,
    -3.867954969406128,
    -0.12793803215026855,
    -3.5728325843811035,
    -2.9152681827545166,
    -2.9741852283477783,
    -4.7755045890808105,
    -0.25156736373901367,
    -4.341979503631592,
    -2.472796678543091,
    -0.8018484115600586,
    -4.224377155303955,
    -1.3538323640823364,
    -3.33119535446167,
    -1.3582682609558105,
    0.45581483840942383,
    -1.2647626399993896,
    -5.116220474243164,
    -3.856132745742798,
    -4.894052982330322,
    -3.6930177211761475,
    -8.154044151306152,
    -0.5284218788146973,
    -4.394186019897461,
    -8.239505767822266,
    -2.583846092224121,
    -2.2142114639282227,
    -2.604682683944702
  ],