{
  "n_train_input": 180,
  "n_train": 162,
  "n_val": 18,
  "n_test": 226,
  "target_column": "target",
  "epochs_run": 43,
  "best_epoch": 28,
  "train_time_s": 4.6,
  "rmse": 1.0411380451965226,
  "mae": 0.7428158853961303,
  "r2": 0.770676210578402,
  "predictions": [
    -1.82266366481781,
    -2.546842098236084,
    -3.030075788497925,
    -1.934800386428833,
    -6.539397239685059,
    -0.9315240383148193,
    -3.9023489952087402,
    -1.5603220462799072,
    -8.109625816345215,
    -2.5623059272766113,
    -5.926133155822754,
    -0.34999942779541016,
    -1.9419678449630737,
    -2.1342685222625732,
    -2.423017740249634,
    -0.9685311317443848,
    -2.6918792724609375,
    -8.086264610290527,
    -3.488619565963745,
    -3.1261584758758545,
    -1.3561738729476929,
    -4.809244155883789,
    1.4947359561920166,
    -2.467226028442383,
    -1.4804675579071045,
    -7.304065704345703,
    -0.7850549221038818,
    -0.5591168403625488,
    -1.6911906003952026,
    -1.9695743322372437,
    -1.6672738790512085,
    -5.877450466156006,
    -3.3089044094085693,
    -1.8367513418197632,
    -1.0944328308105469,
    -3.1031556129455566,
    -2.7500975131988525,
    -0.06329226493835449,
    -5.16886568069458,
    -5.846386432647705,
    -1.4116963148117065,
    -7.2316789627075195,
    -5.150193691253662,
    -5.422873497009277,
    -7.044633865356445,
    -3.907119035720825,
    -4.1848368644714355,
    -4.413652420043945,
    -4.126642227172852,
    -6.406416893005371,
    -4.441779136657715,
    -7.025284767150879,
    -2.0049169063568115,
    -2.842021942138672,
    -1.312710165977478,
    -4.745493412017822,
    -2.4849843978881836,
    -4.7025580406188965,
    -2.5355629920959473,
    -6.6944475173950195,
    -2.553354501724243,
    -2.798203706741333,
    -0.2776796817779541,
    -4.367373466491699,
    -3.9561924934387207,
    -2.8583760261535645,
    -3.2676563262939453,
    -6.218982696533203,
    -3.801572322845459,
    -3.202449321746826,
    -1.0204482078552246,
    0.1715857982635498,
    -2.322732448577881,
    -5.970244407653809,
    -2.633970260620117,
    -0.8644819259643555,
    -2.208298683166504,
    -3.034550189971924,
    -3.190531015396118,
    -7.543717384338379,
    -3.2685186862945557,
    -1.7042591571807861,
    -3.733466148376465,
    -4.73270320892334,
    -4.996307373046875,
    -1.4226950407028198,
    -2.7086730003356934,
    -1.2311105728149414,
    -5.335258483886719,
    -0.7005212306976318,
    -2.175161123275757,
    -3.833212375640869,
    -5.38754940032959,
    -1.1984288692474365,
    -1.8414011001586914,
    -4.235325336456299,
    -1.622281789779663,
    -1.086540699005127,
    -2.6338577270507812,
    0.10441279411315918,
    -1.8252829313278198,
    -3.6960537433624268,
    -5.121227741241455,
    -1.993691325187683,
    -1.9006646871566772,
    -4.201822280883789,
    -1.5033049583435059,
    -1.280824065208435,
    -4.024312973022461,
    -8.043854713439941,
    -6.816200256347656,
    -1.7708263397216797,
    -1.709808588027954,
    -2.7675163745880127,
    -1.138730525970459,
    -1.3202794790267944,
    -1.4429099559783936,
    -1.4800431728363037,
    -1.52687406539917,
    -1.7083526849746704,
    -2.474132776260376,
    -4.600356101989746,
    -4.286164283752441,
    -2.746579647064209,
    -2.6650497913360596,
    -2.7579727172851562,
    -2.759999990463257,
    -5.199843883514404,
    -1.3609188795089722,
    -1.923154592514038,
    -1.430303931236267,
    -3.0982794761657715,
    -1.9079850912094116,
    -1.5679439306259155,
    -1.939452886581421,
    -2.6008784770965576,
    -1.5609803199768066,
    -1.2766056060791016,
    -3.9016847610473633,
    -4.065475940704346,
    -4.129272937774658,
    -4.249505996704102,
    -4.234189510345459,
    -2.340179443359375,
    -3.0582990646362305,
    -2.4571919441223145,
    -1.1040270328521729,
    -2.4762284755706787,
    -1.1269190311431885,
    -3.877960443496704,
    -0.9846353530883789,
    -1.3706187009811401,
    -3.8253374099731445,
    -1.63955819606781,
    -2.65199875831604,
    -3.0457699298858643,
    -7.018695831298828,
    -3.9851112365722656,
    -2.205749988555908,
    -7.927452087402344,
    -1.4675761461257935,
    -3.311508893966675,
    -1.0186269283294678,
    -2.322732448577881,
    -4.103899002075195,
    -3.6236419677734375,
    -2.199047327041626,
    -1.0387792587280273,
    -0.3972625732421875,
    -1.6270689964294434,
    -1.753711223602295,
    -2.8423728942871094,
    -1.2710424661636353,
    -3.878147840499878,
    -6.872987747192383,
    -3.4111485481262207,
    -3.9861741065979004,
    -4.576327323913574,
    -3.2621519565582275,
    -6.691743850708008,
    -2.9223294258117676,
    -7.635956764221191,
    -0.27726054191589355,
    -1.6477899551391602,
    -0.7652158737182617,
    -3.8355748653411865,
    -0.7497513294219971,
    -3.44730544090271,
    -6.467451095581055,
    -2.3179409503936768,
    -0.7464616298675537,
    -4.66512393951416,
    -0.8151195049285889,
    -3.600303888320923,
    -4.118659496307373,
    -0.8977360725402832,
    -3.5038645267486572,
    -5.996053695678711,
    -0.1657404899597168,
    -3.9044840335845947,
    -0.7506608963012695,
    -3.025068759918213,
    -4.0856614112854,
    -3.009186267852783,
    -5.320738792419434,
    -0.30445027351379395,
    -3.5698509216308594,
    -2.424410343170166,
    -0.30188655853271484,
    -5.131810665130615,
    -1.1648609638214111,
    -2.8356242179870605,
    -1.6201449632644653,
    -0.9755940437316895,
    -1.575466513633728,
    -5.051217555999756,
    -4.314059257507324,
    -4.83112907409668,
    -2.877570390701294,
    -7.918643951416016,
    -1.143988847732544,
    -3.6955227851867676,
    -13.619553565979004,
    -2.6639277935028076,
    -2.975191116333008,
    -3.3442513942718506
  ],