{
  "n_train_input": 451,
  "n_train": 405,
  "n_val": 46,
  "n_test": 226,
  "target_column": "target",
  "epochs_run": 50,
  "best_epoch": 35,
  "train_time_s": 11.6,
  "rmse": 0.7413964422628857,
  "mae": 0.5687570054974176,
  "r2": 0.8837123894260024,
  "predictions": [
    -2.129791736602783,
    -1.90253484249115,
    -2.37213134765625,
    -2.563488006591797,
    -6.420798301696777,
    -1.3383539915084839,
    -3.5975241661071777,
    -1.6287667751312256,
    -7.7335662841796875,
    -2.514333724975586,
    -5.0633673667907715,
    -0.05663490295410156,
    -3.209519624710083,
    -1.898239254951477,
    -2.327418804168701,
    -0.5821561813354492,
    -2.121645450592041,
    -9.541435241699219,
    -3.633277177810669,
    -3.6636252403259277,
    -1.391655683517456,
    -5.511514186859131,
    1.5691907405853271,
    -2.0591554641723633,
    -1.7637529373168945,
    -6.984567642211914,
    -0.658557653427124,
    0.14225196838378906,
    -1.306912899017334,
    -1.3727778196334839,
    -2.0577402114868164,
    -6.188835144042969,
    -4.263525009155273,
    -1.5972504615783691,
    -2.2983062267303467,
    -1.9141836166381836,
    -3.958404302597046,
    -0.4490644931793213,
    -4.472709655761719,
    -5.647348403930664,
    -0.914496898651123,
    -6.704388618469238,
    -4.272554397583008,
    -5.922104835510254,
    -7.139955520629883,
    -4.804666519165039,
    -3.9519340991973877,
    -2.561056137084961,
    -5.9032979011535645,
    -6.149624824523926,
    -5.596473693847656,
    -6.7641096115112305,
    -2.285216808319092,
    -2.674057960510254,
    -0.8644373416900635,
    -3.9558565616607666,
    -2.31758189201355,
    -3.6975882053375244,
    -3.0088794231414795,
    -6.130856513977051,
    -2.3263587951660156,
    -2.0554966926574707,
    0.20385527610778809,
    -5.379233360290527,
    -3.1072025299072266,
    -1.984864354133606,
    -2.493448495864868,
    -6.1165313720703125,
    -2.786862373352051,
    -3.1966397762298584,
    -0.3988077640533447,
    0.04669356346130371,
    -1.7524951696395874,
    -4.979674339294434,
    -2.146819829940796,
    -0.42710328102111816,
    -1.6968380212783813,
    -3.513448715209961,
    -4.456206321716309,
    -6.296566963195801,
    -4.064589977264404,
    -1.1628563404083252,
    -3.3774402141571045,
    -3.6849539279937744,
    -5.06075382232666,
    -1.5013558864593506,
    -2.0157182216644287,
    0.04051661491394043,
    -5.739394187927246,
    -0.22032976150512695,
    -1.8420689105987549,
    -3.856057643890381,
    -4.7489142417907715,
    -0.7042105197906494,
    -1.7238168716430664,
    -3.5411365032196045,
    -1.6495109796524048,
    -0.5972342491149902,
    -2.4430289268493652,
    0.4460484981536865,
    -1.9392467737197876,
    -3.2505810260772705,
    -5.634450912475586,
    -3.2407877445220947,
    -1.629084825515747,
    -3.616154432296753,
    -0.8905172348022461,
    -0.6440200805664062,
    -3.8856139183044434,
    -7.507331848144531,
    -6.621872901916504,
    -0.9997470378875732,
    -2.2961254119873047,
    -2.860562801361084,
    -1.0890069007873535,
    -0.3248283863067627,
    -0.7808678150177002,
    -1.2137250900268555,
    -1.0274701118469238,
    -2.721039295196533,
    -2.6048896312713623,
    -5.037221908569336,
    -2.964714527130127,
    -1.885155200958252,
    -2.4123659133911133,
    -3.6343748569488525,
    -2.1055479049682617,
    -4.907937049865723,
    -0.25366711616516113,
    -1.4497466087341309,
    -1.2211424112319946,
    -2.2372994422912598,
    -1.1469138860702515,
    -2.8922436237335205,
    -2.2736237049102783,
    -2.211986780166626,
    -1.921904444694519,
    -1.5222575664520264,
    -4.384817600250244,
    -4.975900650024414,
    -3.7092385292053223,
    -4.07025146484375,
    -4.076498985290527,
    -3.29768443107605,
    -2.6911447048187256,
    -2.446444272994995,
    -0.34658074378967285,
    -2.2674946784973145,
    -0.2388596534729004,
    -2.9439926147460938,
    -0.29130053520202637,
    -0.8686857223510742,
    -4.50747537612915,
    -1.4457000494003296,
    -3.3536763191223145,
    -3.9241445064544678,
    -7.059744834899902,
    -2.797919988632202,
    -2.6599323749542236,
    -7.419424057006836,
    -2.0779643058776855,
    -2.4111275672912598,
    -0.6226553916931152,
    -1.7524951696395874,
    -5.442368984222412,
    -3.143792152404785,
    -1.1952553987503052,
    -1.9390946626663208,
    -0.44034528732299805,
    -1.726023554801941,
    -1.6115750074386597,
    -4.377664566040039,
    -1.003265380859375,
    -3.4978675842285156,
    -6.453444957733154,
    -3.438866376876831,
    -3.302088737487793,
    -5.16420841217041,
    -3.9348113536834717,
    -6.264969825744629,
    -2.609379768371582,
    -7.362331390380859,
    0.20006346702575684,
    -1.414300560951233,
    -2.003014087677002,
    -3.564742088317871,
    -0.8167777061462402,
    -3.584118127822876,
    -6.68758487701416,
    -3.2953524589538574,
    -0.8077669143676758,
    -4.7788896560668945,
    0.11709856986999512,
    -4.037993431091309,
    -3.0646750926971436,
    -0.9634881019592285,
    -4.357333183288574,
    -6.2817511558532715,
    0.38140320777893066,
    -3.9105727672576904,
    -0.4128556251525879,
    -3.545292615890503,
    -2.6890273094177246,
    -2.82269024848938,
    -4.753687381744385,
    -0.46424221992492676,
    -4.208726406097412,
    -2.7451627254486084,
    -0.4700355529785156,
    -4.010026454925537,
    -1.289313554763794,
    -3.9513673782348633,
    -1.5986745357513428,
    0.27823615074157715,
    -1.3088819980621338,
    -5.529069900512695,
    -3.9465320110321045,
    -5.615870952606201,
    -3.7999486923217773,
    -7.4280195236206055,
    -0.5616867542266846,
    -4.4455742835998535,
    -6.001590728759766,
    -2.589507579803467,
    -2.175814151763916,
    -2.5221920013427734
  ],