{
  "n_train_input": 451,
  "n_train": 405,
  "n_val": 46,
  "n_test": 226,
  "target_column": "target",
  "epochs_run": 33,
  "best_epoch": 18,
  "train_time_s": 7.5,
  "rmse": 0.7145774747154219,
  "mae": 0.5544028677771576,
  "r2": 0.8919732947304686,
  "predictions": [
    -2.4524903297424316,
    -2.080585241317749,
    -1.981604814529419,
    -2.5150341987609863,
    -6.434320449829102,
    -1.042288064956665,
    -4.064370632171631,
    -1.4163697957992554,
    -8.04161262512207,
    -2.216082811355591,
    -4.666667461395264,
    0.2059483528137207,
    -2.962589979171753,
    -1.7139768600463867,
    -2.461940288543701,
    0.0017561912536621094,
    -2.6720073223114014,
    -8.483065605163574,
    -3.1093060970306396,
    -3.379613161087036,
    -1.4306237697601318,
    -5.224539756774902,
    1.5584957599639893,
    -1.5479824542999268,
    -1.1212763786315918,
    -7.461163520812988,
    -0.08046579360961914,
    -0.20331549644470215,
    -1.5206507444381714,
    -1.2334263324737549,
    -1.649211049079895,
    -6.283588409423828,
    -3.451310396194458,
    -1.7796930074691772,
    -2.0803728103637695,
    -2.1473331451416016,
    -4.254261493682861,
    -0.3611147403717041,
    -4.2870988845825195,
    -5.729552268981934,
    -0.8509399890899658,
    -6.396728515625,
    -4.4771504402160645,
    -5.479717254638672,
    -7.548379898071289,
    -4.568753242492676,
    -4.97345495223999,
    -3.4549155235290527,
    -4.34778356552124,
    -5.983658790588379,
    -4.483268737792969,
    -7.266336441040039,
    -1.4988800287246704,
    -2.487771511077881,
    -0.7466657161712646,
    -4.267050266265869,
    -2.018861770629883,
    -3.6574435234069824,
    -2.906268835067749,
    -6.058897018432617,
    -2.8032479286193848,
    -2.6274874210357666,
    0.3036518096923828,
    -4.95298957824707,
    -3.634337902069092,
    -1.9345669746398926,
    -2.4251348972320557,
    -6.3758673667907715,
    -2.590566873550415,
    -2.567650318145752,
    0.06455278396606445,
    -0.018417835235595703,
    -1.7633177042007446,
    -5.912078380584717,
    -2.415531873703003,
    -0.425079345703125,
    -1.6116890907287598,
    -3.2135422229766846,
    -3.711719036102295,
    -6.0818328857421875,
    -4.090976715087891,
    -1.3992078304290771,
    -3.448892116546631,
    -3.832669258117676,
    -5.103551387786865,
    -1.1708532571792603,
    -2.403493881225586,
    -1.3997266292572021,
    -5.0358381271362305,
    -0.7068262100219727,
    -2.1119885444641113,
    -4.296688556671143,
    -4.336620807647705,
    -0.6101343631744385,
    -1.1131258010864258,
    -4.828733444213867,
    -1.0942573547363281,
    -0.13674235343933105,
    -2.4736223220825195,
    -0.11249160766601562,
    -1.6388188600540161,
    -3.276987075805664,
    -5.562355995178223,
    -3.074465274810791,
    -1.7447348833084106,
    -3.8949332237243652,
    -0.7722804546356201,
    -0.40100765228271484,
    -4.6919121742248535,
    -6.272852420806885,
    -7.089410781860352,
    -1.3934030532836914,
    -2.173740863800049,
    -3.355192184448242,
    -0.7924754619598389,
    -0.13210368156433105,
    -1.612087607383728,
    -1.5373899936676025,
    -1.351815938949585,
    -2.4055709838867188,
    -2.380678176879883,
    -4.709586143493652,
    -3.536044120788574,
    -2.2092020511627197,
    -2.568178415298462,
    -3.686945676803589,
    -2.592639207839966,
    -4.10471248626709,
    -0.21889567375183105,
    -0.9937477111816406,
    -1.1386597156524658,
    -2.9383397102355957,
    -1.3311197757720947,
    -2.524433135986328,
    -2.1047635078430176,
    -2.2750282287597656,
    -2.1162047386169434,
    -0.8099691867828369,
    -4.061911582946777,
    -4.045778751373291,
    -3.9184865951538086,
    -4.989053249359131,
    -4.219160079956055,
    -3.8570003509521484,
    -2.660294771194458,
    -2.7404985427856445,
    -0.5983881950378418,
    -1.923229694366455,
    -0.9759726524353027,
    -3.4592738151550293,
    0.02574300765991211,
    -1.026240348815918,
    -4.300606727600098,
    -1.3922287225723267,
    -2.2557320594787598,
    -3.563783645629883,
    -7.466856002807617,
    -3.314844846725464,
    -2.374314785003662,
    -8.034042358398438,
    -1.6036090850830078,
    -3.084683656692505,
    -0.74310302734375,
    -1.7633180618286133,
    -4.944867134094238,
    -3.310494899749756,
    -1.4240232706069946,
    -1.5572766065597534,
    -0.40732598304748535,
    -1.7825164794921875,
    -1.7716554403305054,
    -3.405149459838867,
    -1.7452774047851562,
    -3.9656970500946045,
    -6.879761695861816,
    -3.848810911178589,
    -3.0647711753845215,
    -4.736135959625244,
    -3.4809458255767822,
    -6.542503833770752,
    -2.8693108558654785,
    -7.728385925292969,
    0.059926509857177734,
    -1.535646915435791,
    -1.6076371669769287,
    -3.4837000370025635,
    -0.6683268547058105,
    -2.9073526859283447,
    -6.745753288269043,
    -2.193394184112549,
    -0.13898396492004395,
    -4.647700786590576,
    -0.3540356159210205,
    -3.9465103149414062,
    -3.7243428230285645,
    0.2913079261779785,
    -4.047412395477295,
    -6.376521110534668,
    0.5632879734039307,
    -3.9809932708740234,
    -0.30230236053466797,
    -3.4152462482452393,
    -3.756761074066162,
    -2.7038750648498535,
    -4.4044342041015625,
    0.6067407131195068,
    -3.6613376140594482,
    -2.4561898708343506,
    -0.5853288173675537,
    -4.128794193267822,
    -1.2686574459075928,
    -2.4923667907714844,
    -1.5657665729522705,
    -0.24498248100280762,
    -0.8042004108428955,
    -4.790410041809082,
    -3.453449249267578,
    -4.811376571655273,
    -2.813153028488159,
    -8.113518714904785,
    -0.3186202049255371,
    -4.335657119750977,
    -7.341860771179199,
    -2.5057003498077393,
    -2.3724136352539062,
    -2.7959556579589844
  ],