{
  "n_train_input": 451,
  "n_train": 405,
  "n_val": 46,
  "n_test": 226,
  "target_column": "target",
  "epochs_run": 45,
  "best_epoch": 30,
  "train_time_s": 10.7,
  "rmse": 0.7373071241131828,
  "mae": 0.5346777866371965,
  "r2": 0.8849916616994019,
  "predictions": [
    -2.302335262298584,
    -2.4192209243774414,
    -1.9594024419784546,
    -2.3749561309814453,
    -7.046504020690918,
    -1.4753108024597168,
    -4.063936233520508,
    -1.5564395189285278,
    -8.980083465576172,
    -2.942039966583252,
    -4.529808044433594,
    -0.7567751407623291,
    -3.3108232021331787,
    -2.2683792114257812,
    -2.6462244987487793,
    -0.7792015075683594,
    -3.0620217323303223,
    -9.200660705566406,
    -3.418386936187744,
    -3.6039600372314453,
    -1.1345245838165283,
    -5.849180698394775,
    0.8005638122558594,
    -1.8897500038146973,
    -1.424240231513977,
    -7.970223903656006,
    -0.7060391902923584,
    -0.8155627250671387,
    -0.8728761672973633,
    -1.8420746326446533,
    -1.5142194032669067,
    -6.034475326538086,
    -3.71317720413208,
    -1.5954880714416504,
    -2.2518179416656494,
    -2.1890158653259277,
    -4.2444305419921875,
    -0.24847698211669922,
    -4.437099933624268,
    -6.698524475097656,
    -1.2840344905853271,
    -8.092093467712402,
    -4.55169153213501,
    -6.5213727951049805,
    -7.55880069732666,
    -4.981403827667236,
    -4.802639484405518,
    -3.5966639518737793,
    -4.699949264526367,
    -7.106863021850586,
    -4.873458385467529,
    -8.009525299072266,
    -1.7696348428726196,
    -2.4380903244018555,
    -0.6808662414550781,
    -3.569779396057129,
    -1.8503937721252441,
    -4.020448684692383,
    -3.433790445327759,
    -7.704834938049316,
    -3.0126726627349854,
    -2.523402214050293,
    -0.3597385883331299,
    -6.132883071899414,
    -3.253791570663452,
    -2.1480367183685303,
    -2.2843990325927734,
    -6.694049835205078,
    -2.4932336807250977,
    -2.9993486404418945,
    -0.12131285667419434,
    0.2093183994293213,
    -1.9510855674743652,
    -6.6003618240356445,
    -1.951951026916504,
    0.34755611419677734,
    -1.418729543685913,
    -3.7382912635803223,
    -5.07680606842041,
    -6.9155120849609375,
    -4.466925621032715,
    -1.396882176399231,
    -3.2694501876831055,
    -3.664595603942871,
    -5.401547908782959,
    -0.8732867240905762,
    -2.4258551597595215,
    -0.6994454860687256,
    -5.58620023727417,
    -0.286419153213501,
    -1.6813783645629883,
    -4.522336959838867,
    -4.390269756317139,
    -1.0385017395019531,
    -1.5767158269882202,
    -4.835521697998047,
    -1.438905119895935,
    -0.6161453723907471,
    -2.6047959327697754,
    -0.18889284133911133,
    -1.6872864961624146,
    -3.2603201866149902,
    -5.822739124298096,
    -2.9529736042022705,
    -1.6362117528915405,
    -3.8021469116210938,
    -1.9862819910049438,
    -0.44619059562683105,
    -4.917864799499512,
    -7.9650702476501465,
    -7.675586223602295,
    -1.3617569208145142,
    -2.3579258918762207,
    -2.9196407794952393,
    -1.2439801692962646,
    -0.18523001670837402,
    -1.0082271099090576,
    -0.987351655960083,
    -1.2593238353729248,
    -2.2420802116394043,
    -2.614509344100952,
    -5.6587371826171875,
    -3.418184995651245,
    -2.2905080318450928,
    -2.579531669616699,
    -3.7881476879119873,
    -2.757753610610962,
    -6.862113952636719,
    -0.243149995803833,
    -1.198617935180664,
    -0.8427577018737793,
    -3.2683815956115723,
    -1.3530467748641968,
    -2.1793124675750732,
    -1.9870339632034302,
    -2.6050233840942383,
    -2.1315300464630127,
    -2.250393867492676,
    -4.476250648498535,
    -5.008780479431152,
    -4.097620964050293,
    -5.3938493728637695,
    -3.8622689247131348,
    -3.894284248352051,
    -2.423684597015381,
    -2.5035834312438965,
    -0.5345287322998047,
    -2.17682147026062,
    -0.41211724281311035,
    -3.262505292892456,
    0.05064058303833008,
    -1.0522189140319824,
    -4.486915588378906,
    -1.1910769939422607,
    -2.551396608352661,
    -4.683703422546387,
    -7.46287202835083,
    -3.7103347778320312,
    -2.474241018295288,
    -8.492798805236816,
    -1.895097017288208,
    -3.6862900257110596,
    -0.42313289642333984,
    -1.9510855674743652,
    -4.801218509674072,
    -2.9224977493286133,
    -1.5685175657272339,
    -1.492465615272522,
    -0.8826453685760498,
    -1.8671801090240479,
    -1.6910622119903564,
    -3.832946300506592,
    -1.8946908712387085,
    -4.552953720092773,
    -7.988197326660156,
    -4.160533905029297,
    -3.587883472442627,
    -5.1525678634643555,
    -3.8007986545562744,
    -7.256571292877197,
    -2.841068983078003,
    -8.454500198364258,
    0.2762737274169922,
    -1.473702311515808,
    -1.5001475811004639,
    -3.6208267211914062,
    -0.5498640537261963,
    -3.137564182281494,
    -7.005199909210205,
    -2.9520339965820312,
    -0.545245885848999,
    -5.478043556213379,
    -0.9979920387268066,
    -3.575350046157837,
    -3.3293817043304443,
    -0.5629055500030518,
    -4.192277908325195,
    -6.686461448669434,
    -0.2870669364929199,
    -4.1873779296875,
    -0.1793665885925293,
    -4.027407169342041,
    -3.0674235820770264,
    -3.1683437824249268,
    -4.331302165985107,
    -0.3967604637145996,
    -3.7316205501556396,
    -2.4232406616210938,
    -0.759577751159668,
    -3.8235230445861816,
    -1.243744134902954,
    -3.348522186279297,
    -2.0344185829162598,
    -0.3169236183166504,
    -1.3234421014785767,
    -5.6699934005737305,
    -3.690415859222412,
    -6.069468021392822,
    -3.343306064605713,
    -8.146900177001953,
    -0.49367809295654297,
    -3.780930995941162,
    -5.353708267211914,
    -2.4570751190185547,
    -2.783759355545044,
    -2.7235093116760254
  ],