{
  "n_train_input": 902,
  "n_train": 811,
  "n_val": 91,
  "n_test": 226,
  "target_column": "target",
  "epochs_run": 31,
  "best_epoch": 16,
  "train_time_s": 13.0,
  "rmse": 0.6825315295466358,
  "mae": 0.5058441373099268,
  "r2": 0.9014451837681001,
  "predictions": [
    -2.3472683429718018,
    -2.364259719848633,
    -1.9456820487976074,
    -2.4601447582244873,
    -6.289107322692871,
    -1.2567875385284424,
    -4.364450454711914,
    -1.7614829540252686,
    -8.074689865112305,
    -2.145408868789673,
    -5.050737380981445,
    -0.5965373516082764,
    -2.9078192710876465,
    -2.1656477451324463,
    -2.7110233306884766,
    -0.5067367553710938,
    -2.450390100479126,
    -9.006836891174316,
    -3.147512197494507,
    -3.6254963874816895,
    -1.536853313446045,
    -5.2797322273254395,
    0.6969764232635498,
    -1.6936875581741333,
    -1.5812537670135498,
    -7.192958831787109,
    -0.5651211738586426,
    -0.444058895111084,
    -1.7161908149719238,
    -1.5587605237960815,
    -1.303550362586975,
    -6.305934906005859,
    -3.7558505535125732,
    -1.482609748840332,
    -2.047064781188965,
    -2.3109025955200195,
    -3.8021278381347656,
    -0.09558963775634766,
    -5.022904872894287,
    -6.45231819152832,
    -1.1947213411331177,
    -7.117565155029297,
    -4.585567474365234,
    -5.861717700958252,
    -7.638422012329102,
    -4.7539801597595215,
    -4.454361438751221,
    -2.8712069988250732,
    -5.231414318084717,
    -6.710524082183838,
    -5.123682975769043,
    -7.881448745727539,
    -1.6723663806915283,
    -2.6761410236358643,
    -0.86673903465271,
    -4.033539295196533,
    -2.1390132904052734,
    -4.495329856872559,
    -2.9994428157806396,
    -6.630654335021973,
    -3.213085651397705,
    -2.8017826080322266,
    -0.19009852409362793,
    -5.615593910217285,
    -3.6418118476867676,
    -2.332186698913574,
    -2.37357759475708,
    -6.277247428894043,
    -2.637582778930664,
    -3.363135576248169,
    -0.18922948837280273,
    0.6332530975341797,
    -2.2211108207702637,
    -5.436888217926025,
    -1.8901174068450928,
    -0.02117466926574707,
    -1.7597389221191406,
    -3.402719736099243,
    -4.727909564971924,
    -6.144484519958496,
    -3.860384464263916,
    -1.4178792238235474,
    -3.6160850524902344,
    -3.2210195064544678,
    -5.672883033752441,
    -0.9982609748840332,
    -2.1008059978485107,
    -0.9699862003326416,
    -5.661541938781738,
    -0.5644171237945557,
    -2.363717555999756,
    -3.6221466064453125,
    -4.794621467590332,
    -0.6963863372802734,
    -1.3614654541015625,
    -4.021095275878906,
    -1.2064218521118164,
    -0.3500669002532959,
    -1.9595093727111816,
    -0.4391493797302246,
    -1.6694631576538086,
    -3.2942118644714355,
    -5.577719688415527,
    -2.8262667655944824,
    -1.4883675575256348,
    -3.7183260917663574,
    -1.3440638780593872,
    -0.6472399234771729,
    -4.523873329162598,
    -7.114650726318359,
    -7.579249382019043,
    -1.3775297403335571,
    -2.0541436672210693,
    -2.8212082386016846,
    -1.361297845840454,
    -0.22780847549438477,
    -1.4329777956008911,
    -1.6104652881622314,
    -1.2498313188552856,
    -2.338285207748413,
    -2.291019916534424,
    -4.758149147033691,
    -3.9265193939208984,
    -2.3909006118774414,
    -2.4075989723205566,
    -3.3517558574676514,
    -2.0649468898773193,
    -4.92403507232666,
    -0.20056509971618652,
    -0.6249773502349854,
    -0.5844645500183105,
    -3.1279871463775635,
    -1.7669297456741333,
    -2.3686435222625732,
    -2.4302785396575928,
    -2.4806437492370605,
    -2.6716108322143555,
    -1.7141451835632324,
    -4.2642645835876465,
    -4.253975868225098,
    -4.071987628936768,
    -4.915055274963379,
    -4.1068267822265625,
    -3.2721331119537354,
    -2.72882342338562,
    -3.039618968963623,
    -0.4968078136444092,
    -2.1783790588378906,
    -0.15934062004089355,
    -3.5381317138671875,
    0.024775981903076172,
    -1.073906421661377,
    -3.9471983909606934,
    -1.4876770973205566,
    -1.6004904508590698,
    -3.665904998779297,
    -7.448025703430176,
    -2.810119867324829,
    -2.418133497238159,
    -8.254589080810547,
    -1.7965974807739258,
    -3.5394105911254883,
    -0.27266526222229004,
    -2.2211108207702637,
    -4.914697647094727,
    -3.2649600505828857,
    -1.6074446439743042,
    -1.3906190395355225,
    -1.0009891986846924,
    -1.5951189994812012,
    -1.6774767637252808,
    -3.798227310180664,
    -0.9550960063934326,
    -4.168146133422852,
    -6.650432586669922,
    -3.4772708415985107,
    -3.4258553981781006,
    -5.450214385986328,
    -3.522242784500122,
    -6.909329414367676,
    -2.8028814792633057,
    -7.597768783569336,
    0.15769052505493164,
    -1.005638837814331,
    -1.4841002225875854,
    -3.502051830291748,
    -0.44510793685913086,
    -3.1302385330200195,
    -7.026334762573242,
    -2.6505942344665527,
    -0.25058770179748535,
    -5.284230709075928,
    -0.6089646816253662,
    -3.4543378353118896,
    -3.615628957748413,
    -0.14837288856506348,
    -3.6542768478393555,
    -6.703789710998535,
    0.18538928031921387,
    -4.4615631103515625,
    0.014427423477172852,
    -3.8840320110321045,
    -3.0546674728393555,
    -2.8546829223632812,
    -4.776820182800293,
    -0.12920737266540527,
    -4.100707054138184,
    -2.4872045516967773,
    -0.7480437755584717,
    -4.557519912719727,
    -1.2402299642562866,
    -3.3663992881774902,
    -1.4826583862304688,
    0.057419538497924805,
    -1.0828297138214111,
    -4.585844993591309,
    -4.4044189453125,
    -5.316551208496094,
    -3.743454933166504,
    -8.234317779541016,
    -0.27701687812805176,
    -4.301093101501465,
    -6.7062482833862305,
    -2.375755786895752,
    -2.720503568649292,
    -3.2120800018310547
  ],