{
  "dataset": "ESOL",
  "dataset_key": "esol",
  "split": "scaffold",
  "model": "RandomForestRegressor",
  "n_train": 902,
  "n_test": 226,
  "rmse": 0.6642663971927066,
  "mae": 0.5026238536343204,
  "r2": 0.895575234687441,
  "feature_importance": {
    "MolLogP": 0.8106060961236902,
    "MolWt": 0.09983621533787669,
    "TPSA": 0.03109105746198045,
    "FractionCSP3": 0.019421574483861084,
    "NumRotatableBonds": 0.0115100577971069,
    "RingCount": 0.010949892814667263,
    "NumHAcceptors": 0.010410875395679642,
    "NumHDonors": 0.006174230585137875
  },
  "predictions": [
    -1.8146883333333321,
    -3.301200000000004,
    -1.696104666666667,
    -3.1672324999999995,
    -3.2598033333333354,
    -0.5098769047619048,
    -2.7280521428571434,
    -2.998830714285713,
    -5.843696666666666,
    -0.7267100000000001,
    -1.5337539285714294,
    -7.475999666666672,
    -7.379132880952376,
    -2.5488999999999975,
    -4.607031666666668,
    -2.9911820238095252,
    -4.155707380952378,
    0.4777999999999998,
    -4.94817,
    -1.9140999999999997,
    -2.0249800000000002,
    -5.4014925,
    -3.9569200000000007,
    -7.114451714285715,
    -3.3162999999999987,
    -2.056658333333335,
    -5.021600000000001,
    -4.546009999999998,
    -4.307600000000003,
    -2.547100000000001,
    -2.5293916666666636,
    -0.19455000000000003,
    -3.638875952380953,
    -1.0930017857142857,
    -3.105914523809523,
    -2.1247833333333337,
    -3.0989799999999987,
    -0.875004523809524,
    -3.4784966666666657,
    -3.5006265873015887,
    -4.636835000000004,
    -0.22068999999999994,
    -0.5969083333333332,
    -3.7099899999999995,
    -5.34415,
    -2.6291799999999994,
    -2.3510849999999985,
    -7.871943333333333,
    -5.723373571428567,
    -2.582940000000001,
    -1.8525742857142857,
    -2.3630616666666673,
    -1.6568546428571422,
    -0.39842380952380907,
    -0.26929880952380947,
    -4.843299999999997,
    -3.2175599999999993,
    -6.236168015873014,
    -3.3105699999999985,
    -0.29805000000000015,
    -0.12451666666666661,
    -4.278466666666666,
    -1.379559999999999,
    -1.5822966666666658,
    -4.901689999999999,
    -1.825913333333333,
    -3.636275000000004,
    0.2809000000000001,
    -0.5196599999999999,
    -4.375160000000003,
    -2.1239052380952375,
    -1.4569033333333328,
    -4.51296857142857,
    -4.408004999999998,
    -5.723373571428567,
    -1.3982894285714282,
    -3.8126514285714284,
    -3.7864500000000008,
    -4.193199999999997,
    -6.107796666666667,
    -3.0733500000000014,
    -1.023161666666666,
    -3.666555000000002,
    -2.636504999999998,
    -3.9755033333333345,
    -2.4660299999999995,
    -2.3684414285714284,
    -2.214300000000002,
    -2.5536766666666675,
    -2.774565000000001,
    -2.4849349999999975,
    -3.347270833333334,
    -3.37525,
    -3.395293333333333,
    -0.8273099999999997,
    -1.760283333333333,
    -1.9403928333333318,
    -2.9603300000000012,
    -1.7765999999999993,
    -1.7750283333333328,
    -4.303910000000001,
    -5.846298333333331,
    -1.5433906666666661,
    -2.3490699999999993,
    -1.9236628571428576,
    -1.921671666666667,
    -4.574689285714287,
    -2.662764999999999,
    0.18560000000000007,
    -0.3442175000000001,
    -3.2985473809523853,
    -1.3841999999999997,
    -6.133903333333332,
    -3.2985473809523853,
    -3.37525,
    -1.4380416666666664,
    -0.08162619047619052,
    -6.220734999999999,
    -3.7404166666666656,
    -4.591952500000001,
    -0.1943999999999999,
    -0.24916666666666654,
    -2.8574383333333344,
    0.3630883333333331,
    -7.958300562770564,
    -2.7260733333333333,
    -6.06113,
    -1.4315680952380954,
    -4.6231116666666665,
    -1.696104666666667,
    -2.787570000000001,
    -2.2689469047619024,
    -1.8178116666666668,
    -7.103597499999995,
    -1.0700590476190477,
    -2.890016666666666,
    -3.45808,
    -4.516396999999995,
    -4.313728333333333,
    -3.2948177777777774,
    -3.5558871428571424,
    -1.5915000000000004,
    1.1513599999999986,
    -4.286575000000003,
    -3.6633899999999993,
    -0.6159899999999999,
    -5.225445714285709,
    0.05864999999999996,
    -3.2467666666666672,
    -2.5152866666666656,
    -1.921420333333333,
    -4.052963333333333,
    -5.846298333333331,
    -2.8322500000000015,
    -1.8835100000000018,
    -3.289133333333334,
    -1.0089259523809522,
    -0.36261666666666675,
    -2.0676275,
    -2.616780000000001,
    -2.3785750000000005,
    -3.4590099999999975,
    -3.9803823809523795,
    -3.0595890476190473,
    -0.5776766666666663,
    -5.433489999999998,
    -2.3171593333333305,
    -0.5810721428571425,
    -1.649029999999999,
    -5.004500000000002,
    -1.6682249999999994,
    -2.398220000000001,
    0.09709999999999995,
    -7.575618253968254,
    -4.553411666666663,
    -8.276025714285714,
    -0.7254083333333342,
    -3.5073190476190472,
    0.5390200000000006,
    -1.0887300000000002,
    -1.8178116666666668,
    -0.8055628571428565,
    -7.405200000000005,
    -1.8909699999999998,
    -6.382744666666668,
    -1.5868999999999986,
    -4.435424999999998,
    -1.7553950000000003,
    -1.6626466666666655,
    -6.621645000000001,
    -2.480720000000001,
    -3.9088200000000013,
    -2.705697261904762,
    -0.8028533333333346,
    -2.1808892857142843,
    -3.121570000000002,
    -0.5130999999999998,
    -2.5623847619047613,
    0.024799999999999992,
    0.3630883333333331,
    -2.1815999999999995,
    0.3630883333333331,
    -2.3361400000000003,
    -4.570590000000002,
    0.09876,
    -1.393503333333333,
    -4.331766000000002,
    -2.307256666666667,
    -2.397176666666665,
    0.3445999999999998,
    -4.261900833333331,
    -2.6291799999999994,
    -3.821090000000002,
    -4.0886466666666665,
    -3.7330900000000007,
    0.09876,
    -2.437299999999999,
    -2.5320999999999976,
    -1.8541100000000015,
    -0.8417999999999998,
    -1.7066899999999978,
    -0.7380800000000002,
    0.1533000000000001,
    -4.599983333333332,
    -2.1239052380952375,
    -3.760830000000001
  ],