{
  "dataset": "ESOL",
  "dataset_key": "esol",
  "split": "random",
  "model": "RandomForestRegressor",
  "n_train": 902,
  "n_test": 226,
  "rmse": 0.7983080726273505,
  "mae": 0.5473724814516852,
  "r2": 0.8651740483310718,
  "feature_importance": {
    "MolLogP": 0.812294795408474,
    "MolWt": 0.09850849590509914,
    "TPSA": 0.03906736971793021,
    "FractionCSP3": 0.014913907298883842,
    "RingCount": 0.010024780828827377,
    "NumHAcceptors": 0.009624366915544741,
    "NumRotatableBonds": 0.009412549124011982,
    "NumHDonors": 0.006153734801228594
  },
  "predictions": [
    -2.633899999999999,
    -2.2635398571428564,
    -2.416233333333333,
    -2.633899999999999,
    -6.830972500000001,
    -0.7040207142857143,
    -3.9079066666666677,
    -1.7602474999999995,
    -8.28083297619047,
    -2.723744999999999,
    -4.9917333333333325,
    -1.7086999999999986,
    -3.2433935714285713,
    -2.06836,
    -2.5298200000000004,
    -0.6696983333333325,
    -2.6363166666666666,
    -9.877467857142863,
    -2.560241666666666,
    -3.8263899999999973,
    -2.2211950000000003,
    -4.99523333333333,
    -0.2553799999999999,
    -2.526380000000001,
    -1.5044666666666668,
    -7.624168593073592,
    -0.10095999999999995,
    -0.057659999999999975,
    -2.127139999999999,
    -2.2500333333333318,
    -1.811891666666668,
    -8.005753642857144,
    -3.553450000000004,
    -1.5481523809523807,
    -2.348321666666667,
    -2.9368600000000025,
    -3.5487549999999994,
    -0.634208333333333,
    -4.222736547619048,
    -7.39623333333334,
    -1.813425,
    -6.924764999999996,
    -4.26488,
    -5.544039999999993,
    -8.281569523809518,
    -4.494117619047615,
    -4.70085333333333,
    -3.9454216666666633,
    -4.887159500000001,
    -7.283859523809533,
    -4.888700000000005,
    -6.886418214285714,
    -1.0043061904761905,
    -2.0588549999999994,
    -1.0095358333333335,
    -4.474407142857144,
    -1.365294999999999,
    -3.27956,
    -2.53410119047619,
    -6.591704999999999,
    -2.6219525714285714,
    -2.403650000000001,
    0.04634000000000007,
    -6.0139801190476145,
    -3.5598499999999995,
    -2.288614999999999,
    -2.068460000000002,
    -4.587696666666668,
    -2.2328233333333336,
    -2.0534783333333326,
    -0.27169999999999983,
    0.1088216666666666,
    -2.4019900000000014,
    -5.780119999999998,
    -2.4238800000000005,
    0.6122,
    -1.9813050000000016,
    -2.9056379999999997,
    -5.4063300000000005,
    -3.9747533333333296,
    -4.380362999999999,
    -1.723543333333334,
    -2.6304300000000023,
    -3.8395299999999986,
    -4.872073333333334,
    -1.2766647619047615,
    -2.4682299999999997,
    -0.775652071428571,
    -5.796429999999998,
    -0.06665000000000008,
    -3.801820000000001,
    -4.414966666666668,
    -5.207160000000004,
    -0.7104283333333332,
    -2.00688111111111,
    -4.6482449999999975,
    -0.16094166666666676,
    0.7708199999999998,
    -1.7781388095238073,
    -0.41945000000000043,
    -1.4153963809523809,
    -2.825290000000001,
    -6.1702015476190475,
    -2.436163333333331,
    -1.5481523809523807,
    -2.7764400000000005,
    -3.1164999999999985,
    -0.9413333333333332,
    -4.13964,
    -6.290980000000002,
    -6.743486904761904,
    -1.4140733333333337,
    -2.517649999999998,
    -2.9434742857142866,
    -1.0916646666666667,
    -0.6776150000000003,
    -1.0756995555555557,
    -2.113498333333334,
    -1.3657504761904773,
    -2.8492333333333346,
    -3.003299999999998,
    -5.213955000000006,
    -3.846134999999998,
    -2.2337599999999997,
    -2.3993933333333315,
    -3.5881266666666654,
    -2.4682299999999997,
    -5.612057896825394,
    -0.46616166666666686,
    -1.0339166666666662,
    -0.9994899999999995,
    -2.9350033333333347,
    -2.085674047619049,
    -2.819099047619048,
    -1.9940600000000015,
    -3.09917738095238,
    -2.661233333333335,
    -3.282399999999998,
    -4.091221666666663,
    -4.253889999999996,
    -4.267199999999997,
    -4.528069999999995,
    -4.416966666666669,
    -3.753019999999999,
    -2.038955000000001,
    -1.6899899999999988,
    -1.5710133333333325,
    -1.8644916666666673,
    0.3657347619047618,
    -3.400926666666667,
    -0.6776150000000003,
    -1.0894000000000004,
    -4.444099999999993,
    -1.5820999999999983,
    -1.6569091666666669,
    -3.7514999999999996,
    -8.281569523809518,
    -3.2098026190476165,
    -2.3140000000000014,
    -7.942392857142856,
    -1.483138333333332,
    -3.0628870000000012,
    0.3657347619047618,
    -2.4019900000000014,
    -4.586885142857143,
    -3.326799999999999,
    -1.7509183333333342,
    -1.6430266666666666,
    -2.785088333333332,
    -1.4958066666666665,
    -1.5610899999999992,
    -3.2227000000000032,
    -1.3220650000000012,
    -4.46721333333333,
    -7.7552501406926435,
    -4.414966666666668,
    -2.4952099999999997,
    -4.069040000000003,
    -3.0808333333333304,
    -6.3931440476190415,
    -1.9270109523809529,
    -7.963719116161612,
    0.5978538095238095,
    -1.5578133333333328,
    -2.025097619047621,
    -4.3401999999999985,
    -0.682186666666666,
    -1.8665333333333327,
    -8.484832500000003,
    -2.5227100000000027,
    -0.03969166666666667,
    -4.1605866666666635,
    -0.4243333333333332,
    -3.9660366666666675,
    -3.349400000000001,
    -0.29309999999999975,
    -3.645914999999996,
    -6.970516333333332,
    0.5567,
    -3.3047966666666664,
    -0.3118666666666663,
    -3.7885333333333353,
    -3.4648800000000004,
    -2.8021216666666646,
    -4.046961547619046,
    0.34346000000000004,
    -3.527880000000003,
    -2.3257,
    -1.5149,
    -4.426926547619044,
    -0.49956238095238087,
    -3.2544316666666653,
    -1.6044583333333318,
    0.21976000000000023,
    -1.099377857142857,
    -3.908919999999997,
    -3.7687699999999995,
    -5.720165,
    -2.6930600000000005,
    -7.942392857142856,
    -0.2960800000000001,
    -4.465313333333334,
    -5.691039999999999,
    -2.641799999999998,
    -2.947620000000001,
    -2.6714800000000007
  ],