{
  "dataset": "ESOL",
  "dataset_key": "esol",
  "split": "random",
  "model": "RandomForestRegressor",
  "n_train": 902,
  "n_test": 226,
  "rmse": 0.8017683076682067,
  "mae": 0.5492811983873787,
  "r2": 0.86400271967917,
  "feature_importance": {
    "MolLogP": 0.8135685001932055,
    "MolWt": 0.09413936604145212,
    "TPSA": 0.04215356046530183,
    "FractionCSP3": 0.01487152529499071,
    "RingCount": 0.010389639196106307,
    "NumHAcceptors": 0.009709744061133146,
    "NumRotatableBonds": 0.009271510317615408,
    "NumHDonors": 0.005896154430195067
  },
  "predictions": [
    -2.633000000000002,
    -2.320120057142855,
    -2.2401836190476208,
    -2.633000000000002,
    -6.849619928571426,
    -0.666304809523811,
    -4.00277633333333,
    -1.8393309666666686,
    -8.346486791486303,
    -2.665716904761906,
    -5.062940666666689,
    -1.637471661904763,
    -3.237754047619047,
    -2.083106333333335,
    -2.5787215,
    -0.6920623333333356,
    -2.682439333333333,
    -9.655189158730145,
    -2.567542142857139,
    -3.83741299999999,
    -2.2339675333333306,
    -5.046468000000022,
    -0.3746506666666678,
    -2.446762666666667,
    -1.4691562619047622,
    -7.617555519480524,
    -0.04011266666666687,
    -0.017692666666666915,
    -2.0918100000000064,
    -2.227540666666668,
    -1.8166981904761865,
    -8.048056719047587,
    -3.566810000000003,
    -1.5178697619047645,
    -2.3639287380952365,
    -2.988667333333322,
    -3.539848999999996,
    -0.6136653809523811,
    -4.265796461904731,
    -6.940945238095226,
    -1.8254161428571467,
    -6.947819866666681,
    -4.199654666666678,
    -5.520136000000015,
    -8.260628738095269,
    -4.491347346031748,
    -4.687886666666674,
    -3.9472164888888885,
    -4.830907728571434,
    -6.964608809523813,
    -4.975320000000001,
    -6.8139591190476345,
    -1.0914502380952384,
    -2.055124333333329,
    -0.9816417777777778,
    -4.465248880952371,
    -1.2816678428571433,
    -3.253864666666665,
    -2.581846920634919,
    -6.5389768333333365,
    -2.5896322920634876,
    -2.3947039999999897,
    0.07075199999999988,
    -5.956429357142838,
    -3.5771933333333337,
    -2.4269779333333252,
    -2.046527714285709,
    -4.57636873809524,
    -2.23346933333333,
    -2.109940352380946,
    -0.2810899999999986,
    0.06258866666666658,
    -2.365609999999998,
    -5.687124666666668,
    -2.490459071428568,
    0.6255240000000011,
    -1.9885223333333422,
    -2.9026439333333247,
    -5.366167460317476,
    -4.0332759523809525,
    -4.349148333333336,
    -1.749136666666668,
    -2.6092516666666716,
    -3.858432000000004,
    -4.747169666666677,
    -1.3028327063492062,
    -2.485514039682545,
    -0.7273269190476214,
    -5.753653999999994,
    0.06536200000000011,
    -3.820695999999991,
    -4.413667666666682,
    -5.2609519999999845,
    -0.6934054761904768,
    -1.9921854603174587,
    -4.497228000000014,
    -0.21296959047619057,
    0.7430960000000031,
    -1.816527666666672,
    -0.405270333333334,
    -1.3974242809523816,
    -2.8065299999999986,
    -6.174388761904755,
    -2.390094095238101,
    -1.5178697619047645,
    -2.741093999999998,
    -3.1324039999999993,
    -0.9264300634920578,
    -4.118841999999993,
    -6.206363238095248,
    -6.686929309523807,
    -1.397629666666662,
    -2.581538809523812,
    -3.099224323809522,
    -1.0428569333333328,
    -0.6622873809523819,
    -1.0640865666666681,
    -2.067135533333331,
    -1.4273898571428578,
    -2.8530844285714223,
    -3.057507999999991,
    -5.200083999999979,
    -3.911116333333337,
    -2.2565110000000024,
    -2.3969906666666625,
    -3.5556996666666567,
    -2.485514039682545,
    -5.693997317460336,
    -0.4430156666666655,
    -1.0758393333333343,
    -0.9880640476190478,
    -2.8842322476190474,
    -2.1534594317460303,
    -2.806533333333319,
    -1.9435040000000037,
    -3.106119000000002,
    -2.618276699999997,
    -3.3534179999999916,
    -4.109532666666664,
    -4.181463333333334,
    -4.278231750000002,
    -4.5414500000000135,
    -4.430584261904756,
    -3.733439999999992,
    -2.0723396666666756,
    -1.7230160000000039,
    -1.6080396666666725,
    -1.8407169523809508,
    0.34347405627705646,
    -3.4014633333333455,
    -0.6622873809523819,
    -1.0974579047619013,
    -4.419555000000036,
    -1.5656399999999968,
    -1.835551785714284,
    -3.6383006666666646,
    -8.260628738095269,
    -3.302380166666666,
    -2.3111799999999962,
    -7.83155304761906,
    -1.5584260952380977,
    -3.0224644920634907,
    0.34347405627705646,
    -2.365609999999998,
    -4.560152342857146,
    -3.295313999999993,
    -1.7095405333333322,
    -1.6458699999999997,
    -2.795577476190479,
    -1.5738846666666686,
    -1.610378000000004,
    -3.197246666666653,
    -1.3820860000000004,
    -4.467950666666661,
    -7.745907373015874,
    -4.413667666666682,
    -2.5795249999999954,
    -3.96793933333334,
    -3.068399999999985,
    -6.438930476190443,
    -1.878174714285713,
    -7.947638365245863,
    0.569750714285715,
    -1.5519430238095224,
    -2.031982333333334,
    -4.388583999999994,
    -0.6868633333333355,
    -1.8077981333333395,
    -8.503367666666687,
    -2.580528666666659,
    -0.11187333333333307,
    -4.168666084126979,
    -0.49470266666666657,
    -3.938990904761923,
    -3.3994319999999956,
    -0.33315999999999946,
    -3.6947040000000198,
    -6.8936559888889075,
    0.5490440000000012,
    -3.3189284444444502,
    -0.3771070476190471,
    -3.790921666666676,
    -3.5100979999999957,
    -2.7526470000000014,
    -4.135946166666672,
    0.34078799999999976,
    -3.560668,
    -2.2904999999999998,
    -1.5046000000000002,
    -4.541880666666664,
    -0.5994007142857142,
    -3.2085775238095207,
    -1.5287663333333361,
    0.19083600000000037,
    -1.0923945714285723,
    -3.9417553333333513,
    -3.784444,
    -5.609039533333342,
    -2.635274,
    -7.83155304761906,
    -0.4107259047619049,
    -4.549285666666684,
    -5.698533499999991,
    -2.6377000000000006,
    -2.9578350920634913,
    -2.8327825999999936
  ],