{
  "dataset": "ESOL",
  "dataset_key": "esol",
  "split": "scaffold",
  "model": "RandomForestRegressor",
  "n_train": 902,
  "n_test": 226,
  "rmse": 0.6535552301788282,
  "mae": 0.4944077955421666,
  "r2": 0.8989157415048394,
  "feature_importance": {
    "MolLogP": 0.8100072916110471,
    "MolWt": 0.09953149438387086,
    "TPSA": 0.030479715506470738,
    "FractionCSP3": 0.019069662207616245,
    "NumHAcceptors": 0.011981219893766314,
    "NumRotatableBonds": 0.011575681433358001,
    "RingCount": 0.011132301201520067,
    "NumHDonors": 0.0062226337623507615
  },
  "predictions": [
    -1.8347840952381007,
    -3.299554000000001,
    -1.7519545999999984,
    -3.1390375000000232,
    -3.294184666666667,
    -0.4294307142857154,
    -2.7901057698412637,
    -2.999603476190481,
    -5.855128126984121,
    -0.7389500000000022,
    -1.5211314761904755,
    -7.485796209523819,
    -7.403288857142871,
    -2.552059999999983,
    -4.588064785714275,
    -2.956157071428568,
    -4.138761809523788,
    0.49147000000000085,
    -5.020009666666673,
    -1.8703800000000013,
    -1.98331533333334,
    -5.427366499999995,
    -3.838339999999996,
    -7.081287742857142,
    -3.256279999999991,
    -1.9977033809523859,
    -5.071456666666675,
    -4.593190000000013,
    -4.370639833333331,
    -2.5672626666666662,
    -2.5433160000000066,
    -0.18050333333333357,
    -3.933696492063483,
    -1.1748461507936487,
    -3.0514078333333305,
    -2.162445333333331,
    -3.0282059999999973,
    -0.8841471269841321,
    -3.4734833333333457,
    -3.4757129206349293,
    -4.654714047619031,
    -0.12711599999999995,
    -0.5591737575757595,
    -3.8335253333333354,
    -5.284482666666659,
    -2.6238536666666543,
    -2.359231828571432,
    -7.893160519047581,
    -5.742410428571421,
    -2.581611999999997,
    -1.7952853015873005,
    -2.354930682539689,
    -1.6007937460317483,
    -0.41278976190476135,
    -0.2775277380952379,
    -4.817543999999975,
    -3.427079999999993,
    -6.212990420634921,
    -3.3236016666666877,
    -0.3235833333333318,
    -0.06380333333333346,
    -4.21755250000001,
    -1.5361146666666712,
    -1.6242606666666601,
    -4.922310666666662,
    -1.8371139999999972,
    -3.6131643333333185,
    0.2688157142857136,
    -0.4676680000000013,
    -4.453088000000003,
    -2.088571619047622,
    -1.4733731999999995,
    -4.492655563492068,
    -4.452929666666684,
    -5.742410428571421,
    -1.4110754190476205,
    -3.8023932380952323,
    -3.814252000000006,
    -4.177809999999989,
    -5.945747999999989,
    -3.07834399999999,
    -1.0390330000000008,
    -3.606983777777779,
    -2.6580320000000057,
    -3.933658666666664,
    -2.5283499999999948,
    -2.3966306190476185,
    -2.334916000000003,
    -2.6057093333333308,
    -2.6805346666666576,
    -2.4647196000000013,
    -3.3067897698412674,
    -3.372449444444458,
    -3.333773000000001,
    -0.8709533333333357,
    -1.6630039999999975,
    -1.8857670000000017,
    -2.971777333333316,
    -1.6404590000000079,
    -1.816760666666668,
    -4.269643999999997,
    -5.780480476190443,
    -1.5205911333333397,
    -2.4288759999999985,
    -1.909916238095247,
    -1.9044776666666643,
    -4.637047619047616,
    -2.5995530000000007,
    0.17526333333333302,
    -0.3728079761904768,
    -3.303296809523791,
    -1.397387133333337,
    -6.039086261904749,
    -3.303296809523791,
    -3.372449444444458,
    -1.4675043333333317,
    -0.12822957142857114,
    -6.219337619047637,
    -3.7706909999999816,
    -4.644818690476189,
    -0.23612666666666743,
    -0.26275000000000104,
    -2.9439593333333245,
    0.3170487777777779,
    -7.922777450688195,
    -2.743170666666668,
    -6.099632000000002,
    -1.4545562619047614,
    -4.647620366666669,
    -1.7519545999999984,
    -2.7671233333333283,
    -2.2956533809523787,
    -1.6924430000000061,
    -7.113924805916317,
    -1.0776079523809554,
    -2.8314126666666737,
    -3.572654000000002,
    -4.54888860714286,
    -4.341949190476182,
    -3.2635864776334818,
    -3.6873250396825497,
    -1.6349099999999996,
    1.097722,
    -4.301188833333335,
    -3.722472000000005,
    -0.6938960000000024,
    -5.21171914285715,
    0.06275799999999991,
    -3.2040413333333317,
    -2.495373999999999,
    -1.8840205999999968,
    -4.039820666666673,
    -5.780480476190443,
    -2.892485999999994,
    -2.1475480000000027,
    -3.228207999999998,
    -1.0642297460317467,
    -0.3063899999999999,
    -2.0285785000000076,
    -2.4949088571428564,
    -2.3427559999999983,
    -3.3402237460317297,
    -3.992888761904743,
    -3.0075774761904803,
    -0.6462522142857162,
    -5.44547433333333,
    -2.2938535904761896,
    -0.56592485714286,
    -1.6002353333333394,
    -4.992296999999996,
    -1.6454113809523856,
    -2.40608738095238,
    0.10745666666666721,
    -7.567928782828287,
    -4.622125666666669,
    -8.262596304761944,
    -0.8044233333333358,
    -3.474969158730153,
    0.5550786666666684,
    -1.3262680000000022,
    -1.6924430000000061,
    -0.809585952380958,
    -7.354847900000012,
    -1.856753999999993,
    -6.38405840952378,
    -1.5680466666666737,
    -4.4805529999999925,
    -1.7167964761904753,
    -1.8668003333333365,
    -6.627668699134191,
    -2.500281999999996,
    -3.9555419999999897,
    -2.732735928571431,
    -0.803469190476184,
    -2.113945730158733,
    -3.1753019999999967,
    -0.48121333333333427,
    -2.57588976190476,
    0.0679200000000001,
    0.3170487777777779,
    -2.307328333333331,
    0.3170487777777779,
    -2.4124929999999987,
    -4.519830785714276,
    0.19142599999999985,
    -1.3697810380952378,
    -4.273565799999985,
    -2.3364060000000006,
    -2.446515733333331,
    0.39326000000000155,
    -4.281626500000005,
    -2.6238536666666543,
    -3.69670999999999,
    -4.104791504761902,
    -3.7721019999999807,
    0.19142599999999985,
    -2.338007666666664,
    -2.525419999999992,
    -1.9665119999999952,
    -0.8496200000000003,
    -1.7181496666666587,
    -0.7866200000000002,
    0.06504999999999997,
    -4.647961666666653,
    -2.088571619047622,
    -3.718022666666659
  ],