{
  "n_train_input": 902,
  "n_train": 811,
  "n_val": 91,
  "n_test": 226,
  "target_column": "target",
  "epochs_run": 51,
  "best_epoch": 36,
  "train_time_s": 21.8,
  "rmse": 0.6121002977074551,
  "mae": 0.452308398959911,
  "r2": 0.9207356979847826,
  "predictions": [
    -2.7091407775878906,
    -2.0968799591064453,
    -2.175549030303955,
    -2.314732313156128,
    -6.816051006317139,
    -1.1530046463012695,
    -4.006367206573486,
    -1.6417979001998901,
    -8.597976684570312,
    -2.4027273654937744,
    -4.74036169052124,
    -0.17016839981079102,
    -3.3003830909729004,
    -2.0329501628875732,
    -2.7753453254699707,
    -0.5926377773284912,
    -2.203557014465332,
    -9.186246871948242,
    -2.9324302673339844,
    -3.4206557273864746,
    -1.2649704217910767,
    -6.067256927490234,
    0.8184289932250977,
    -1.4347600936889648,
    -1.5382534265518188,
    -7.50499153137207,
    -0.4188802242279053,
    -0.46712231636047363,
    -1.2043319940567017,
    -1.408022403717041,
    -1.4470341205596924,
    -6.326363563537598,
    -3.5671260356903076,
    -1.5540231466293335,
    -2.3053038120269775,
    -1.7119189500808716,
    -4.299299240112305,
    0.29079675674438477,
    -4.815090656280518,
    -6.458591461181641,
    -1.1324381828308105,
    -7.235217094421387,
    -4.532893180847168,
    -5.929800033569336,
    -7.588301658630371,
    -5.006061553955078,
    -3.7816054821014404,
    -3.3609657287597656,
    -6.030548095703125,
    -6.573535919189453,
    -5.110954284667969,
    -7.577131271362305,
    -1.4983954429626465,
    -2.170903205871582,
    -0.7961692810058594,
    -3.9009289741516113,
    -2.429842710494995,
    -4.05465030670166,
    -2.8944027423858643,
    -6.809483051300049,
    -2.654165267944336,
    -2.4122135639190674,
    -0.10619664192199707,
    -6.072922706604004,
    -3.794165849685669,
    -1.6807160377502441,
    -2.107983112335205,
    -5.984817028045654,
    -2.1637396812438965,
    -3.394481658935547,
    -0.19188189506530762,
    1.1685364246368408,
    -2.1019415855407715,
    -4.314198970794678,
    -1.9943069219589233,
    0.26869916915893555,
    -1.7102019786834717,
    -4.085323333740234,
    -4.801860809326172,
    -6.573291778564453,
    -4.0741400718688965,
    -1.3831393718719482,
    -3.012180805206299,
    -3.3553194999694824,
    -4.8530683517456055,
    -0.9783713817596436,
    -2.1756319999694824,
    -0.44094014167785645,
    -6.010181427001953,
    -0.24180865287780762,
    -2.4839093685150146,
    -3.9208712577819824,
    -4.601573467254639,
    -0.6892001628875732,
    -1.4178377389907837,
    -4.222776412963867,
    -1.299530267715454,
    -0.006242036819458008,
    -1.9238805770874023,
    0.33005762100219727,
    -1.676277995109558,
    -3.18101167678833,
    -5.876246929168701,
    -3.2391254901885986,
    -1.4129670858383179,
    -3.433401346206665,
    -1.1267991065979004,
    -0.6243207454681396,
    -4.855250358581543,
    -7.132170677185059,
    -7.212806701660156,
    -0.9486801624298096,
    -2.172820806503296,
    -3.009665012359619,
    -1.3666975498199463,
    -0.21854090690612793,
    -1.4429816007614136,
    -2.258570671081543,
    -1.3581815958023071,
    -2.396523952484131,
    -2.2217230796813965,
    -5.425952911376953,
    -2.9308934211730957,
    -2.088709831237793,
    -2.3308563232421875,
    -3.822342872619629,
    -2.1915059089660645,
    -4.983767509460449,
    -0.3422529697418213,
    -1.0356285572052002,
    -0.7536807060241699,
    -2.4842491149902344,
    -1.434464931488037,
    -2.625755786895752,
    -2.0640506744384766,
    -2.641632080078125,
    -3.2890541553497314,
    -1.003999948501587,
    -5.030099868774414,
    -4.383111953735352,
    -4.281769752502441,
    -5.31072998046875,
    -4.155816078186035,
    -3.56298828125,
    -2.3583242893218994,
    -2.9424808025360107,
    -0.6888408660888672,
    -1.870827317237854,
    0.15604043006896973,
    -3.6239261627197266,
    -0.10204696655273438,
    -1.2874943017959595,
    -4.237950325012207,
    -1.4305354356765747,
    -2.046102523803711,
    -3.8890225887298584,
    -7.418119430541992,
    -3.0050134658813477,
    -2.5425949096679688,
    -8.544007301330566,
    -1.7998309135437012,
    -3.0528252124786377,
    0.011298894882202148,
    -2.1019415855407715,
    -4.754800796508789,
    -3.25333571434021,
    -1.5175809860229492,
    -1.4254822731018066,
    -0.5807268619537354,
    -1.7537283897399902,
    -1.7451262474060059,
    -3.5336101055145264,
    -1.0127999782562256,
    -3.8201076984405518,
    -6.998552322387695,
    -3.4412126541137695,
    -3.174217700958252,
    -4.660371780395508,
    -3.9213316440582275,
    -6.972681522369385,
    -3.6107218265533447,
    -7.9771623611450195,
    0.44376301765441895,
    -1.1719471216201782,
    -1.824887752532959,
    -3.3633177280426025,
    -0.3781590461730957,
    -3.0935120582580566,
    -7.253673553466797,
    -2.4885311126708984,
    -0.21442842483520508,
    -6.2174787521362305,
    -0.559612512588501,
    -3.726837158203125,
    -3.5837066173553467,
    -0.7104625701904297,
    -4.116695404052734,
    -6.842055320739746,
    0.016747474670410156,
    -3.767393112182617,
    0.10325813293457031,
    -3.40777587890625,
    -2.913818836212158,
    -2.4182050228118896,
    -4.451841354370117,
    -0.15735435485839844,
    -4.082772731781006,
    -2.6688120365142822,
    -0.9045476913452148,
    -4.27604866027832,
    -1.283787488937378,
    -3.552741527557373,
    -1.26163911819458,
    0.32984113693237305,
    -1.1479761600494385,
    -4.922744274139404,
    -3.892174243927002,
    -5.252621650695801,
    -3.796903371810913,
    -8.371834754943848,
    0.106536865234375,
    -4.280636787414551,
    -6.364088535308838,
    -2.77001953125,
    -2.3571877479553223,
    -2.9378063678741455
  ],