{
  "n_train_input": 902,
  "n_train": 811,
  "n_val": 91,
  "n_test": 226,
  "target_column": "target",
  "epochs_run": 68,
  "best_epoch": 53,
  "train_time_s": 34.1,
  "rmse": 0.6674805790181942,
  "mae": 0.4613269926172442,
  "r2": 0.894562238669988,
  "predictions": [
    -1.9191206693649292,
    -2.998002052307129,
    -2.105893611907959,
    -3.2342114448547363,
    -3.3114700317382812,
    -1.0170226097106934,
    -2.778874397277832,
    -2.731414794921875,
    -5.370090961456299,
    0.19972014427185059,
    -1.7385214567184448,
    -6.554949760437012,
    -7.59999418258667,
    -2.5953786373138428,
    -3.920814275741577,
    -2.694324254989624,
    -3.5925073623657227,
    0.7590591907501221,
    -6.494810581207275,
    -1.851895809173584,
    -2.2918570041656494,
    -4.230800151824951,
    -4.428493022918701,
    -7.160648345947266,
    -3.1848011016845703,
    -1.8925620317459106,
    -5.339208602905273,
    -3.4603044986724854,
    -4.496170997619629,
    -2.428042411804199,
    -2.9005284309387207,
    -0.5170998573303223,
    -4.054892063140869,
    -0.7910957336425781,
    -2.3983025550842285,
    -2.675035238265991,
    -1.7949419021606445,
    -0.8699378967285156,
    -3.8179874420166016,
    -3.563204765319824,
    -4.780943870544434,
    0.3413050174713135,
    -0.4261801242828369,
    -2.1964704990386963,
    -5.551938056945801,
    -2.6618213653564453,
    -2.2696499824523926,
    -8.340648651123047,
    -5.861132621765137,
    -1.8465360403060913,
    -1.3739577531814575,
    -2.3066976070404053,
    -2.3768839836120605,
    -0.47573256492614746,
    -0.6106064319610596,
    -4.836832046508789,
    -3.7644224166870117,
    -5.393160343170166,
    -3.021740436553955,
    -0.12024974822998047,
    0.25179076194763184,
    -4.333561897277832,
    -1.6228846311569214,
    -1.0104808807373047,
    -4.198902606964111,
    -2.160780906677246,
    -4.025838375091553,
    -0.3090238571166992,
    -1.0070953369140625,
    -3.846230983734131,
    -1.3827780485153198,
    -1.5467300415039062,
    -3.9578065872192383,
    -3.4295654296875,
    -5.386960029602051,
    -0.9428350925445557,
    -3.456615447998047,
    -5.328487396240234,
    -4.136044979095459,
    -4.57456111907959,
    -3.105574607849121,
    -0.8864245414733887,
    -2.8148891925811768,
    -2.8315892219543457,
    -4.568934917449951,
    -2.7296676635742188,
    -2.4310801029205322,
    -1.927922248840332,
    -1.4095593690872192,
    -3.1002001762390137,
    -2.6592297554016113,
    -3.155902147293091,
    -3.559849977493286,
    -3.5634632110595703,
    -1.0664536952972412,
    -1.0195426940917969,
    -1.402823805809021,
    -2.659681797027588,
    -1.712237000465393,
    -2.096562385559082,
    -3.3069710731506348,
    -5.229942321777344,
    -3.0059659481048584,
    -3.5631847381591797,
    -2.101957082748413,
    -1.332770586013794,
    -4.682121753692627,
    -2.153038501739502,
    -0.1038808822631836,
    -0.6998891830444336,
    -3.3256144523620605,
    -1.1140964031219482,
    -6.3064117431640625,
    -3.2463903427124023,
    -3.3929569721221924,
    -0.2228689193725586,
    -0.0865478515625,
    -5.85159969329834,
    -3.802220106124878,
    -5.942828178405762,
    -0.6238491535186768,
    4.267356872558594,
    -2.4940969944000244,
    -0.19401907920837402,
    -7.376221656799316,
    -3.859145164489746,
    -6.3563079833984375,
    -1.3749587535858154,
    -4.060729503631592,
    -2.259425640106201,
    -4.368971347808838,
    -1.8048768043518066,
    -1.5896073579788208,
    -6.6101579666137695,
    -1.0136520862579346,
    -1.4309279918670654,
    -4.016354560852051,
    -4.439571380615234,
    -4.152806758880615,
    -3.516265630722046,
    -3.8954854011535645,
    -1.7178754806518555,
    0.8791968822479248,
    -4.7933454513549805,
    -4.345355987548828,
    0.21788454055786133,
    -3.8737881183624268,
    -0.004566192626953125,
    -2.300877332687378,
    -3.273662805557251,
    -1.8264912366867065,
    -4.346698760986328,
    -5.187092304229736,
    -2.405129909515381,
    -1.8749830722808838,
    -2.4620611667633057,
    -2.7998549938201904,
    0.4449489116668701,
    -1.983647346496582,
    -2.921433448791504,
    -1.8333625793457031,
    -3.936164617538452,
    -4.018499374389648,
    -2.2624826431274414,
    -0.11951828002929688,
    -4.248896598815918,
    -2.43992280960083,
    -0.3943636417388916,
    -2.2654237747192383,
    -4.870883941650391,
    -1.9232429265975952,
    -3.4560251235961914,
    -0.10186457633972168,
    -7.022380828857422,
    -3.714909553527832,
    -7.7897047996521,
    -0.6438863277435303,
    -2.571699619293213,
    0.528317928314209,
    1.1700434684753418,
    -1.4739162921905518,
    -0.5934035778045654,
    -6.933194160461426,
    -2.1507396697998047,
    -6.040577411651611,
    -1.4178637266159058,
    -4.832900047302246,
    -1.5927501916885376,
    -3.700446128845215,
    -5.8311004638671875,
    -1.579947590827942,
    -3.5949296951293945,
    -2.5953292846679688,
    -0.9175267219543457,
    -2.207227945327759,
    -3.7011985778808594,
    -1.2244802713394165,
    -3.1120047569274902,
    1.3665180206298828,
    0.00790262222290039,
    -2.281352996826172,
    -0.040259361267089844,
    -1.8425215482711792,
    -3.943718910217285,
    0.8418960571289062,
    -2.538611650466919,
    -3.650392532348633,
    -3.1715285778045654,
    -1.8986984491348267,
    0.49909329414367676,
    -4.326988220214844,
    -2.6162068843841553,
    -5.099472999572754,
    -4.142606735229492,
    -3.9964439868927,
    0.8418960571289062,
    -1.9059946537017822,
    -3.078761339187622,
    -2.987783193588257,
    -1.8776044845581055,
    -1.9488577842712402,
    -1.5390522480010986,
    -0.27901530265808105,
    -3.105921983718872,
    -1.2936848402023315,
    -3.9330427646636963
  ],